FEATURE_ID,SVDATE,SIG_HEAD,SIG_SEPARA,SIG_EARLY,SIG_TWOSTG,SIG_GATE,BOROUGH,PHOTO1_URL,PHOTO2_URL,geometry
RWG039736,2017-08-24,1,0,0,0,0,Camden,https://cycleassetimages.data.tfl.gov.uk/RWG039736_1.jpg,https://cycleassetimages.data.tfl.gov.uk/RWG039736_2.jpg,"c(-0.1755857349, 51.5396791863)"
RWG039729,2017-07-06,1,0,0,0,0,Camden,https://cycleassetimages.data.tfl.gov.uk/RWG039729_1.jpg,https://cycleassetimages.data.tfl.gov.uk/RWG039729_2.jpg,"c(-0.1759533843, 51.5396826444)"
RWG108125,2017-06-21,1,0,1,0,0,Hammersmith & Fulham,https://cycleassetimages.data.tfl.gov.uk/RWG108125_1.jpg,https://cycleassetimages.data.tfl.gov.uk/RWG108125_2.jpg,"c(-0.2247455377, 51.5052380151)"
RWG001914,2017-05-31,1,1,0,0,0,Camden,https://cycleassetimages.data.tfl.gov.uk/RWG001914_1.jpg,https://cycleassetimages.data.tfl.gov.uk/RWG001914_2.jpg,"c(-0.1526615341, 51.5437873193)"
RWG001915,2017-05-31,1,1,0,0,0,Camden,https://cycleassetimages.data.tfl.gov.uk/RWG001915_1.jpg,https://cycleassetimages.data.tfl.gov.uk/RWG001915_2.jpg,"c(-0.1460845881, 51.5367136901)"
RWG039732,2017-08-23,1,0,1,0,0,Camden,https://cycleassetimages.data.tfl.gov.uk/RWG039732_1.jpg,https://cycleassetimages.data.tfl.gov.uk/RWG039732_2.jpg,"c(-0.1746297091, 51.5434494805)"
RWG001919,2017-05-06,1,1,0,0,0,Camden,https://cycleassetimages.data.tfl.gov.uk/RWG001919_1.jpg,https://cycleassetimages.data.tfl.gov.uk/RWG001919_2.jpg,"c(-0.1525601893, 51.5439217514)"
RWG039728,2017-05-31,1,1,0,0,0,Camden,https://cycleassetimages.data.tfl.gov.uk/RWG039728_1.jpg,https://cycleassetimages.data.tfl.gov.uk/RWG039728_2.jpg,"c(-0.1461362355, 51.5366616362)"
RWG039730,2017-07-06,1,0,0,0,0,Camden,https://cycleassetimages.data.tfl.gov.uk/RWG039730_1.jpg,https://cycleassetimages.data.tfl.gov.uk/RWG039730_2.jpg,"c(-0.175991955, 51.539642055)"
RWG039731,2017-07-18,1,1,0,0,0,Camden,https://cycleassetimages.data.tfl.gov.uk/RWG039731_1.jpg,https://cycleassetimages.data.tfl.gov.uk/RWG039731_2.jpg,"c(-0.1525570803, 51.5438388387)"
RWG108126,2017-06-21,1,0,0,0,0,Hammersmith & Fulham,https://cycleassetimages.data.tfl.gov.uk/RWG108126_1.jpg,https://cycleassetimages.data.tfl.gov.uk/RWG108126_2.jpg,"c(-0.2246363724, 51.5052629749)"
RWG016929,2017-06-21,1,0,0,0,0,Hammersmith & Fulham,https://cycleassetimages.data.tfl.gov.uk/RWG016929_1.jpg,https://cycleassetimages.data.tfl.gov.uk/RWG016929_2.jpg,"c(-0.224640167, 51.5052159758)"
RWG001920,2017-05-06,1,1,0,0,0,Camden,https://cycleassetimages.data.tfl.gov.uk/RWG001920_1.jpg,https://cycleassetimages.data.tfl.gov.uk/RWG001920_2.jpg,"c(-0.1526413261, 51.5438785205)"
RWG016924,2017-10-31,1,1,0,0,0,Westminster,https://cycleassetimages.data.tfl.gov.uk/RWG016924_1.jpg,https://cycleassetimages.data.tfl.gov.uk/RWG016924_2.jpg,"c(-0.174258405, 51.5121825631)"
RWG016925,2017-06-21,1,0,0,0,0,Westminster,https://cycleassetimages.data.tfl.gov.uk/RWG016925_1.jpg,https://cycleassetimages.data.tfl.gov.uk/RWG016925_2.jpg,"c(-0.1753478799, 51.512828804)"
RWG016923,2017-10-31,1,1,0,0,0,Westminster,https://cycleassetimages.data.tfl.gov.uk/RWG016923_1.jpg,https://cycleassetimages.data.tfl.gov.uk/RWG016923_2.jpg,"c(-0.1740654953, 51.5120051689)"
RWG016919,2017-06-21,1,1,1,0,0,Westminster,https://cycleassetimages.data.tfl.gov.uk/RWG016919_1.jpg,https://cycleassetimages.data.tfl.gov.uk/RWG016919_2.jpg,"c(-0.1767473166, 51.5137407213)"
RWG016915,2017-06-20,1,1,1,0,1,Westminster,https://cycleassetimages.data.tfl.gov.uk/RWG016915_1.jpg,https://cycleassetimages.data.tfl.gov.uk/RWG016915_2.jpg,"c(-0.1876351951, 51.5137378298)"
RWG039735,2017-08-24,1,1,0,0,0,Westminster,https://cycleassetimages.data.tfl.gov.uk/RWG039735_1.jpg,https://cycleassetimages.data.tfl.gov.uk/RWG039735_2.jpg,"c(-0.1755761065, 51.5395572232)"
RWG016920,2017-06-21,1,1,1,0,0,Westminster,https://cycleassetimages.data.tfl.gov.uk/RWG016920_1.jpg,https://cycleassetimages.data.tfl.gov.uk/RWG016920_2.jpg,"c(-0.176660149, 51.5136711021)"
RWG016914,2017-06-19,1,1,0,0,0,Westminster,https://cycleassetimages.data.tfl.gov.uk/RWG016914_1.jpg,https://cycleassetimages.data.tfl.gov.uk/RWG016914_2.jpg,"c(-0.1767191108, 51.5247296726)"
RWG016921,2017-06-21,1,1,1,0,0,Westminster,https://cycleassetimages.data.tfl.gov.uk/RWG016921_1.jpg,https://cycleassetimages.data.tfl.gov.uk/RWG016921_2.jpg,"c(-0.1765608574, 51.5138312055)"
RWG016922,2017-06-21,1,1,0,0,0,Westminster,https://cycleassetimages.data.tfl.gov.uk/RWG016922_1.jpg,https://cycleassetimages.data.tfl.gov.uk/RWG016922_2.jpg,"c(-0.1742442532, 51.5120603419)"
RWG016917,2017-06-20,1,1,0,0,0,Westminster,https://cycleassetimages.data.tfl.gov.uk/RWG016917_1.jpg,https://cycleassetimages.data.tfl.gov.uk/RWG016917_2.jpg,"c(-0.1665701827, 51.5126696613)"
RWG016926,2017-10-31,1,1,0,0,0,Westminster,https://cycleassetimages.data.tfl.gov.uk/RWG016926_1.jpg,https://cycleassetimages.data.tfl.gov.uk/RWG016926_2.jpg,"c(-0.1764866469, 51.5135086511)"
RWG102577,2017-10-27,1,1,0,0,1,Westminster,https://cycleassetimages.data.tfl.gov.uk/RWG102577_1.jpg,https://cycleassetimages.data.tfl.gov.uk/RWG102577_2.jpg,"c(-0.17243833, 51.5120297746)"
RWG016927,2017-10-31,1,1,1,0,1,Westminster,https://cycleassetimages.data.tfl.gov.uk/RWG016927_1.jpg,https://cycleassetimages.data.tfl.gov.uk/RWG016927_2.jpg,"c(-0.1757570634, 51.5132345492)"
RWG016928,2017-10-31,1,1,1,0,1,Westminster,https://cycleassetimages.data.tfl.gov.uk/RWG016928_1.jpg,https://cycleassetimages.data.tfl.gov.uk/RWG016928_2.jpg,"c(-0.1757886316, 51.5131725743)"
RWG016938,2017-06-24,1,0,0,0,0,Westminster,https://cycleassetimages.data.tfl.gov.uk/RWG016938_1.jpg,https://cycleassetimages.data.tfl.gov.uk/RWG016938_2.jpg,"c(-0.1771235161, 51.5246582527)"
RWG102576,2017-11-02,1,1,0,0,1,Westminster,https://cycleassetimages.data.tfl.gov.uk/RWG102576_1.jpg,https://cycleassetimages.data.tfl.gov.uk/RWG102576_2.jpg,"c(-0.1724453302, 51.5120684568)"
RWG032085,2017-08-21,1,0,1,0,0,Hackney,https://cycleassetimages.data.tfl.gov.uk/RWG032085_1.jpg,https://cycleassetimages.data.tfl.gov.uk/RWG032085_2.jpg,"c(-0.0771939466, 51.5345845043)"
RWG006227,2017-06-08,1,0,1,0,0,Camden,https://cycleassetimages.data.tfl.gov.uk/RWG006227_1.jpg,https://cycleassetimages.data.tfl.gov.uk/RWG006227_2.jpg,"c(-0.1224633207, 51.5350779879)"
RWG006228,2017-06-08,1,0,1,0,0,Islington,https://cycleassetimages.data.tfl.gov.uk/RWG006228_1.jpg,https://cycleassetimages.data.tfl.gov.uk/RWG006228_2.jpg,"c(-0.1222388963, 51.5350694839)"
RWG150921,2017-12-08,1,1,0,0,0,Camden,https://cycleassetimages.data.tfl.gov.uk/RWG150921_1.jpg,https://cycleassetimages.data.tfl.gov.uk/RWG150921_2.jpg,"c(-0.1357047154, 51.5418515606)"
RWG006208,2017-06-06,1,1,0,0,0,Camden,https://cycleassetimages.data.tfl.gov.uk/RWG006208_1.jpg,https://cycleassetimages.data.tfl.gov.uk/RWG006208_2.jpg,"c(-0.1278531326, 51.5481084142)"
RWG032083,2017-08-17,1,1,0,0,0,Camden,https://cycleassetimages.data.tfl.gov.uk/RWG032083_1.jpg,https://cycleassetimages.data.tfl.gov.uk/RWG032083_2.jpg,"c(-0.122559085, 51.5307883323)"
RWG032084,2017-08-19,1,1,0,0,0,Camden,https://cycleassetimages.data.tfl.gov.uk/RWG032084_1.jpg,https://cycleassetimages.data.tfl.gov.uk/RWG032084_2.jpg,"c(-0.1384704663, 51.5420074131)"
RWG006206,2017-06-06,1,1,0,0,0,Camden,https://cycleassetimages.data.tfl.gov.uk/RWG006206_1.jpg,https://cycleassetimages.data.tfl.gov.uk/RWG006206_2.jpg,"c(-0.1278562956, 51.5481566017)"
RWG006207,2017-06-06,1,1,0,0,0,Camden,https://cycleassetimages.data.tfl.gov.uk/RWG006207_1.jpg,https://cycleassetimages.data.tfl.gov.uk/RWG006207_2.jpg,"c(-0.1278886452, 51.5481298124)"
RWG150922,2017-12-08,1,1,0,0,0,Camden,https://cycleassetimages.data.tfl.gov.uk/RWG150922_1.jpg,https://cycleassetimages.data.tfl.gov.uk/RWG150922_2.jpg,"c(-0.1358535711, 51.5419511251)"
RWG150920,2017-12-07,1,1,0,0,0,Islington,https://cycleassetimages.data.tfl.gov.uk/RWG150920_1.jpg,https://cycleassetimages.data.tfl.gov.uk/RWG150920_2.jpg,"c(-0.0943530374, 51.5398437786)"
RWG006233,2017-06-09,1,1,1,0,0,Islington,https://cycleassetimages.data.tfl.gov.uk/RWG006233_1.jpg,https://cycleassetimages.data.tfl.gov.uk/RWG006233_2.jpg,"c(-0.1042446759, 51.5315600791)"
RWG026337,2017-07-07,1,1,0,0,1,Islington,https://cycleassetimages.data.tfl.gov.uk/RWG026337_1.jpg,https://cycleassetimages.data.tfl.gov.uk/RWG026337_2.jpg,"c(-0.1076570785, 51.5491770996)"
RWG006210,2017-06-06,1,1,0,0,0,Islington,https://cycleassetimages.data.tfl.gov.uk/RWG006210_1.jpg,https://cycleassetimages.data.tfl.gov.uk/RWG006210_2.jpg,"c(-0.1166213563, 51.5473984989)"
RWG150919,2017-12-07,1,1,0,0,0,Islington,https://cycleassetimages.data.tfl.gov.uk/RWG150919_1.jpg,https://cycleassetimages.data.tfl.gov.uk/RWG150919_2.jpg,"c(-0.0943232483, 51.5398291488)"
RWG064201,2017-06-28,1,0,0,0,0,Camden,https://cycleassetimages.data.tfl.gov.uk/RWG064201_1.jpg,https://cycleassetimages.data.tfl.gov.uk/RWG064201_2.jpg,"c(-0.1289281814, 51.5241440497)"
RWG064242,2017-06-30,1,0,0,0,0,Camden,https://cycleassetimages.data.tfl.gov.uk/RWG064242_1.jpg,https://cycleassetimages.data.tfl.gov.uk/RWG064242_2.jpg,"c(-0.125690308, 51.5256735764)"
RWG064272,2017-07-03,1,0,1,0,0,Camden,https://cycleassetimages.data.tfl.gov.uk/RWG064272_1.jpg,https://cycleassetimages.data.tfl.gov.uk/RWG064272_2.jpg,"c(-0.1131770416, 51.5263206103)"
RWG064213,2017-06-29,1,1,0,0,1,Islington,https://cycleassetimages.data.tfl.gov.uk/RWG064213_1.jpg,https://cycleassetimages.data.tfl.gov.uk/RWG064213_2.jpg,"c(-0.1059013845, 51.5306218206)"
RWG064336,2017-09-06,1,1,0,0,0,City of London,https://cycleassetimages.data.tfl.gov.uk/RWG064336_1.jpg,https://cycleassetimages.data.tfl.gov.uk/RWG064336_2.jpg,"c(-0.1083248095, 51.5109737045)"
RWG152604,2017-12-20,1,0,0,0,0,City of London,https://cycleassetimages.data.tfl.gov.uk/RWG152604_1.jpg,https://cycleassetimages.data.tfl.gov.uk/RWG152604_2.jpg,"c(-0.0884333549, 51.5099432294)"
RWG064295,2017-09-02,1,0,0,0,0,City of London,https://cycleassetimages.data.tfl.gov.uk/RWG064295_1.jpg,https://cycleassetimages.data.tfl.gov.uk/RWG064295_2.jpg,"c(-0.0861822878, 51.5096381963)"
RWG064302,2017-09-03,1,0,0,0,0,City of London,https://cycleassetimages.data.tfl.gov.uk/RWG064302_1.jpg,https://cycleassetimages.data.tfl.gov.uk/RWG064302_2.jpg,"c(-0.0895861429, 51.5102726668)"
RWG064311,2017-09-05,1,0,0,0,0,City of London,https://cycleassetimages.data.tfl.gov.uk/RWG064311_1.jpg,https://cycleassetimages.data.tfl.gov.uk/RWG064311_2.jpg,"c(-0.091015886, 51.5105347094)"
RWG064313,2017-09-05,1,0,0,0,0,City of London,https://cycleassetimages.data.tfl.gov.uk/RWG064313_1.jpg,https://cycleassetimages.data.tfl.gov.uk/RWG064313_2.jpg,"c(-0.0926474062, 51.5108726245)"
RWG064314,2017-09-05,1,1,0,0,0,City of London,https://cycleassetimages.data.tfl.gov.uk/RWG064314_1.jpg,https://cycleassetimages.data.tfl.gov.uk/RWG064314_2.jpg,"c(-0.0929838054, 51.5109718186)"
RWG064318,2017-09-05,1,0,0,1,0,City of London,https://cycleassetimages.data.tfl.gov.uk/RWG064318_1.jpg,https://cycleassetimages.data.tfl.gov.uk/RWG064318_2.jpg,"c(-0.093292727, 51.5109902499)"
RWG064330,2017-09-06,1,1,0,0,0,City of London,https://cycleassetimages.data.tfl.gov.uk/RWG064330_1.jpg,https://cycleassetimages.data.tfl.gov.uk/RWG064330_2.jpg,"c(-0.1045322712, 51.5115834035)"
RWG064271,2017-07-03,1,1,0,0,0,City of London,https://cycleassetimages.data.tfl.gov.uk/RWG064271_1.jpg,https://cycleassetimages.data.tfl.gov.uk/RWG064271_2.jpg,"c(-0.1044901433, 51.5109383732)"
RWG064288,2017-07-04,1,1,0,0,0,City of London,https://cycleassetimages.data.tfl.gov.uk/RWG064288_1.jpg,https://cycleassetimages.data.tfl.gov.uk/RWG064288_2.jpg,"c(-0.1049156589, 51.5114159111)"
RWG064289,2017-07-04,1,1,0,0,0,City of London,https://cycleassetimages.data.tfl.gov.uk/RWG064289_1.jpg,https://cycleassetimages.data.tfl.gov.uk/RWG064289_2.jpg,"c(-0.1047760532, 51.5114159659)"
RWG064264,2017-07-03,1,1,0,0,0,City of London,https://cycleassetimages.data.tfl.gov.uk/RWG064264_1.jpg,https://cycleassetimages.data.tfl.gov.uk/RWG064264_2.jpg,"c(-0.1042786547, 51.5120628035)"
RWG064261,2017-07-02,1,1,0,0,0,City of London,https://cycleassetimages.data.tfl.gov.uk/RWG064261_1.jpg,https://cycleassetimages.data.tfl.gov.uk/RWG064261_2.jpg,"c(-0.1048763887, 51.5157357797)"
RWG064263,2017-07-02,1,0,0,0,0,City of London,https://cycleassetimages.data.tfl.gov.uk/RWG064263_1.jpg,https://cycleassetimages.data.tfl.gov.uk/RWG064263_2.jpg,"c(-0.104109984, 51.514102508)"
RWG064345,2017-09-07,1,1,0,0,0,City of London,https://cycleassetimages.data.tfl.gov.uk/RWG064345_1.jpg,https://cycleassetimages.data.tfl.gov.uk/RWG064345_2.jpg,"c(-0.1020468957, 51.511120316)"
RWG064346,2017-09-07,1,1,0,0,0,City of London,https://cycleassetimages.data.tfl.gov.uk/RWG064346_1.jpg,https://cycleassetimages.data.tfl.gov.uk/RWG064346_2.jpg,"c(-0.107146898, 51.5110662912)"
RWG064351,2017-09-10,1,1,0,0,0,City of London,https://cycleassetimages.data.tfl.gov.uk/RWG064351_1.jpg,https://cycleassetimages.data.tfl.gov.uk/RWG064351_2.jpg,"c(-0.1042172385, 51.5132577521)"
RWG064303,2017-09-03,1,0,0,0,0,City of London,https://cycleassetimages.data.tfl.gov.uk/RWG064303_1.jpg,https://cycleassetimages.data.tfl.gov.uk/RWG064303_2.jpg,"c(-0.0895195273, 51.5102206099)"
RWG064257,2017-07-01,1,0,0,0,0,City of London,https://cycleassetimages.data.tfl.gov.uk/RWG064257_1.jpg,https://cycleassetimages.data.tfl.gov.uk/RWG064257_2.jpg,"c(-0.1073385758, 51.511140801)"
RWG064259,2017-07-01,1,0,0,0,0,City of London,https://cycleassetimages.data.tfl.gov.uk/RWG064259_1.jpg,https://cycleassetimages.data.tfl.gov.uk/RWG064259_2.jpg,"c(-0.0926036432, 51.5126350331)"
RWG064225,2017-06-30,1,0,1,0,0,Westminster,https://cycleassetimages.data.tfl.gov.uk/RWG064225_1.jpg,https://cycleassetimages.data.tfl.gov.uk/RWG064225_2.jpg,"c(-0.1263166892, 51.5009647008)"
RWG064245,2017-06-30,1,1,0,0,0,City of London,https://cycleassetimages.data.tfl.gov.uk/RWG064245_1.jpg,https://cycleassetimages.data.tfl.gov.uk/RWG064245_2.jpg,"c(-0.074938822, 51.5099884034)"
RWG064306,2017-09-04,1,0,0,0,0,City of London,https://cycleassetimages.data.tfl.gov.uk/RWG064306_1.jpg,https://cycleassetimages.data.tfl.gov.uk/RWG064306_2.jpg,"c(-0.0884532707, 51.5099512635)"
RWG064344,2017-09-07,1,1,0,0,0,City of London,https://cycleassetimages.data.tfl.gov.uk/RWG064344_1.jpg,https://cycleassetimages.data.tfl.gov.uk/RWG064344_2.jpg,"c(-0.1026006762, 51.5111029671)"
RWG064326,2017-09-06,1,1,0,0,0,City of London,https://cycleassetimages.data.tfl.gov.uk/RWG064326_1.jpg,https://cycleassetimages.data.tfl.gov.uk/RWG064326_2.jpg,"c(-0.1042672729, 51.5119141926)"
RWG064236,2017-06-30,1,1,0,0,0,City of London,https://cycleassetimages.data.tfl.gov.uk/RWG064236_1.jpg,https://cycleassetimages.data.tfl.gov.uk/RWG064236_2.jpg,"c(-0.0832160551, 51.5092470698)"
RWG064233,2017-06-30,1,1,0,0,0,Tower Hamlets,https://cycleassetimages.data.tfl.gov.uk/RWG064233_1.jpg,https://cycleassetimages.data.tfl.gov.uk/RWG064233_2.jpg,"c(-0.0767414885, 51.5095523485)"
RWG064247,2017-06-30,1,1,0,0,0,Tower Hamlets,https://cycleassetimages.data.tfl.gov.uk/RWG064247_1.jpg,https://cycleassetimages.data.tfl.gov.uk/RWG064247_2.jpg,"c(-0.0732845721, 51.5099995106)"
RWG064317,2017-09-05,1,0,0,0,0,Tower Hamlets,https://cycleassetimages.data.tfl.gov.uk/RWG064317_1.jpg,https://cycleassetimages.data.tfl.gov.uk/RWG064317_2.jpg,"c(-0.0696849682, 51.5159950307)"
RWG064315,2017-09-05,1,0,0,0,0,Tower Hamlets,https://cycleassetimages.data.tfl.gov.uk/RWG064315_1.jpg,https://cycleassetimages.data.tfl.gov.uk/RWG064315_2.jpg,"c(-0.0693418804, 51.5161566176)"
RWG064208,2017-06-29,1,0,0,0,0,Camden,https://cycleassetimages.data.tfl.gov.uk/RWG064208_1.jpg,https://cycleassetimages.data.tfl.gov.uk/RWG064208_2.jpg,"c(-0.1277833414, 51.5247939318)"
RWG064239,2017-06-30,1,0,0,0,0,Camden,https://cycleassetimages.data.tfl.gov.uk/RWG064239_1.jpg,https://cycleassetimages.data.tfl.gov.uk/RWG064239_2.jpg,"c(-0.1349919862, 51.5213500719)"
RWG152596,2017-12-19,1,1,0,0,0,Westminster,https://cycleassetimages.data.tfl.gov.uk/RWG152596_1.jpg,https://cycleassetimages.data.tfl.gov.uk/RWG152596_2.jpg,"c(-0.139505442, 51.5009946505)"
RWG064203,2017-06-29,1,1,0,0,0,Westminster,https://cycleassetimages.data.tfl.gov.uk/RWG064203_1.jpg,https://cycleassetimages.data.tfl.gov.uk/RWG064203_2.jpg,"c(-0.1363357285, 51.5038330738)"
RWG064205,2017-06-29,1,0,0,0,0,Westminster,https://cycleassetimages.data.tfl.gov.uk/RWG064205_1.jpg,https://cycleassetimages.data.tfl.gov.uk/RWG064205_2.jpg,"c(-0.1297438536, 51.501409087)"
RWG152590,2017-12-19,1,1,0,0,0,Westminster,https://cycleassetimages.data.tfl.gov.uk/RWG152590_1.jpg,https://cycleassetimages.data.tfl.gov.uk/RWG152590_2.jpg,"c(-0.1339844941, 51.500988989)"
RWG152602,2017-12-19,1,1,0,0,0,Westminster,https://cycleassetimages.data.tfl.gov.uk/RWG152602_1.jpg,https://cycleassetimages.data.tfl.gov.uk/RWG152602_2.jpg,"c(-0.1417969357, 51.5022084508)"
RWG064223,2017-06-30,1,0,1,0,0,Westminster,https://cycleassetimages.data.tfl.gov.uk/RWG064223_1.jpg,https://cycleassetimages.data.tfl.gov.uk/RWG064223_2.jpg,"c(-0.1272652231, 51.5009588532)"
RWG152603,2017-12-19,1,1,0,0,0,Westminster,https://cycleassetimages.data.tfl.gov.uk/RWG152603_1.jpg,https://cycleassetimages.data.tfl.gov.uk/RWG152603_2.jpg,"c(-0.1419929166, 51.5022801915)"
RWG064200,2017-06-28,1,0,0,0,0,Camden,https://cycleassetimages.data.tfl.gov.uk/RWG064200_1.jpg,https://cycleassetimages.data.tfl.gov.uk/RWG064200_2.jpg,"c(-0.1290853745, 51.5242234967)"
RWG064202,2017-06-28,1,0,0,0,0,Camden,https://cycleassetimages.data.tfl.gov.uk/RWG064202_1.jpg,https://cycleassetimages.data.tfl.gov.uk/RWG064202_2.jpg,"c(-0.1288601897, 51.524186268)"
RWG064184,2017-06-27,1,0,0,0,0,Camden,https://cycleassetimages.data.tfl.gov.uk/RWG064184_1.jpg,https://cycleassetimages.data.tfl.gov.uk/RWG064184_2.jpg,"c(-0.1359245268, 51.5222034029)"
RWG064186,2017-06-27,1,0,0,0,0,Camden,https://cycleassetimages.data.tfl.gov.uk/RWG064186_1.jpg,https://cycleassetimages.data.tfl.gov.uk/RWG064186_2.jpg,"c(-0.1359221779, 51.5222116389)"
RWG064187,2017-06-27,1,0,0,0,0,Camden,https://cycleassetimages.data.tfl.gov.uk/RWG064187_1.jpg,https://cycleassetimages.data.tfl.gov.uk/RWG064187_2.jpg,"c(-0.1286842094, 51.5243935772)"
RWG064281,2017-07-04,1,1,0,0,0,Westminster,https://cycleassetimages.data.tfl.gov.uk/RWG064281_1.jpg,https://cycleassetimages.data.tfl.gov.uk/RWG064281_2.jpg,"c(-0.1196754488, 51.5090595235)"
RWG064348,2017-09-10,1,0,0,0,0,Westminster,https://cycleassetimages.data.tfl.gov.uk/RWG064348_1.jpg,https://cycleassetimages.data.tfl.gov.uk/RWG064348_2.jpg,"c(-0.1233821324, 51.5047358911)"
RWG064349,2017-09-10,1,0,0,0,0,Westminster,https://cycleassetimages.data.tfl.gov.uk/RWG064349_1.jpg,https://cycleassetimages.data.tfl.gov.uk/RWG064349_2.jpg,"c(-0.1193127856, 51.5113882918)"
RWG064350,2017-09-10,1,0,0,0,0,Westminster,https://cycleassetimages.data.tfl.gov.uk/RWG064350_1.jpg,https://cycleassetimages.data.tfl.gov.uk/RWG064350_2.jpg,"c(-0.1192662892, 51.5114103951)"
RWG064283,2017-07-04,1,1,0,0,0,Westminster,https://cycleassetimages.data.tfl.gov.uk/RWG064283_1.jpg,https://cycleassetimages.data.tfl.gov.uk/RWG064283_2.jpg,"c(-0.1190243705, 51.5094191326)"
RWG064285,2017-07-04,1,1,0,0,0,Westminster,https://cycleassetimages.data.tfl.gov.uk/RWG064285_1.jpg,https://cycleassetimages.data.tfl.gov.uk/RWG064285_2.jpg,"c(-0.1188962007, 51.5094740129)"
RWG064256,2017-07-01,1,0,0,0,0,City of London,https://cycleassetimages.data.tfl.gov.uk/RWG064256_1.jpg,https://cycleassetimages.data.tfl.gov.uk/RWG064256_2.jpg,"c(-0.108045669, 51.511169462)"
RWG064293,2017-07-24,1,0,1,0,0,Islington,https://cycleassetimages.data.tfl.gov.uk/RWG064293_1.jpg,https://cycleassetimages.data.tfl.gov.uk/RWG064293_2.jpg,"c(-0.1126806176, 51.5264135191)"
RWG064347,2017-09-08,1,1,0,0,0,Islington,https://cycleassetimages.data.tfl.gov.uk/RWG064347_1.jpg,https://cycleassetimages.data.tfl.gov.uk/RWG064347_2.jpg,"c(-0.0907406031, 51.5254525337)"
RWG064269,2017-07-03,1,1,0,0,0,City of London,https://cycleassetimages.data.tfl.gov.uk/RWG064269_1.jpg,https://cycleassetimages.data.tfl.gov.uk/RWG064269_2.jpg,"c(-0.1043974245, 51.5110856723)"
RWG064224,2017-06-30,1,0,1,0,0,Westminster,https://cycleassetimages.data.tfl.gov.uk/RWG064224_1.jpg,https://cycleassetimages.data.tfl.gov.uk/RWG064224_2.jpg,"c(-0.1271886271, 51.5009665338)"
RWG064279,2017-07-04,1,0,0,0,0,Westminster,https://cycleassetimages.data.tfl.gov.uk/RWG064279_1.jpg,https://cycleassetimages.data.tfl.gov.uk/RWG064279_2.jpg,"c(-0.1216186702, 51.507179274)"
RWG064296,2017-09-02,1,0,0,0,0,City of London,https://cycleassetimages.data.tfl.gov.uk/RWG064296_1.jpg,https://cycleassetimages.data.tfl.gov.uk/RWG064296_2.jpg,"c(-0.0803581935, 51.5095096266)"
RWG064287,2017-07-04,1,1,0,0,0,Westminster,https://cycleassetimages.data.tfl.gov.uk/RWG064287_1.jpg,https://cycleassetimages.data.tfl.gov.uk/RWG064287_2.jpg,"c(-0.1188436168, 51.5097301204)"
RWG064334,2017-09-06,1,1,0,0,0,Westminster,https://cycleassetimages.data.tfl.gov.uk/RWG064334_1.jpg,https://cycleassetimages.data.tfl.gov.uk/RWG064334_2.jpg,"c(-0.113215471, 51.5107783238)"
RWG064338,2017-09-06,1,1,1,0,0,Westminster,https://cycleassetimages.data.tfl.gov.uk/RWG064338_1.jpg,https://cycleassetimages.data.tfl.gov.uk/RWG064338_2.jpg,"c(-0.1238270499, 51.5010825228)"
RWG064340,2017-09-07,1,0,0,0,0,Westminster,https://cycleassetimages.data.tfl.gov.uk/RWG064340_1.jpg,https://cycleassetimages.data.tfl.gov.uk/RWG064340_2.jpg,"c(-0.1263238772, 51.4999590125)"
RWG064322,2017-09-05,1,1,0,0,0,Tower Hamlets,https://cycleassetimages.data.tfl.gov.uk/RWG064322_1.jpg,https://cycleassetimages.data.tfl.gov.uk/RWG064322_2.jpg,"c(-0.071488664, 51.5152564598)"
RWG152589,2017-12-19,1,1,0,0,0,Westminster,https://cycleassetimages.data.tfl.gov.uk/RWG152589_1.jpg,https://cycleassetimages.data.tfl.gov.uk/RWG152589_2.jpg,"c(-0.1338821638, 51.5009372795)"
RWG153223,2018-01-09,1,0,0,0,0,Camden,https://cycleassetimages.data.tfl.gov.uk/RWG153223_1.jpg,https://cycleassetimages.data.tfl.gov.uk/RWG153223_2.jpg,"c(-0.127879817, 51.5245917455)"
RWG064325,2017-09-06,1,1,0,0,0,City of London,https://cycleassetimages.data.tfl.gov.uk/RWG064325_1.jpg,https://cycleassetimages.data.tfl.gov.uk/RWG064325_2.jpg,"c(-0.1043614277, 51.5119042538)"
RWG064327,2017-09-06,1,1,0,0,0,City of London,https://cycleassetimages.data.tfl.gov.uk/RWG064327_1.jpg,https://cycleassetimages.data.tfl.gov.uk/RWG064327_2.jpg,"c(-0.1042712049, 51.5118196538)"
RWG064328,2017-09-06,1,1,0,0,0,City of London,https://cycleassetimages.data.tfl.gov.uk/RWG064328_1.jpg,https://cycleassetimages.data.tfl.gov.uk/RWG064328_2.jpg,"c(-0.1043818001, 51.5117006517)"
RWG064265,2017-07-02,1,1,0,0,0,City of London,https://cycleassetimages.data.tfl.gov.uk/RWG064265_1.jpg,https://cycleassetimages.data.tfl.gov.uk/RWG064265_2.jpg,"c(-0.1043189801, 51.5130897383)"
RWG064337,2017-09-06,1,1,0,0,0,City of London,https://cycleassetimages.data.tfl.gov.uk/RWG064337_1.jpg,https://cycleassetimages.data.tfl.gov.uk/RWG064337_2.jpg,"c(-0.1081189508, 51.5109939295)"
RWG064329,2017-09-06,1,1,0,0,0,City of London,https://cycleassetimages.data.tfl.gov.uk/RWG064329_1.jpg,https://cycleassetimages.data.tfl.gov.uk/RWG064329_2.jpg,"c(-0.1044804511, 51.5117170839)"
RWG064266,2017-07-03,1,1,0,1,0,City of London,https://cycleassetimages.data.tfl.gov.uk/RWG064266_1.jpg,https://cycleassetimages.data.tfl.gov.uk/RWG064266_2.jpg,"c(-0.1044983543, 51.5140327706)"
RWG064310,2017-09-04,1,0,0,0,0,City of London,https://cycleassetimages.data.tfl.gov.uk/RWG064310_1.jpg,https://cycleassetimages.data.tfl.gov.uk/RWG064310_2.jpg,"c(-0.0861376689, 51.5096095044)"
RWG064312,2017-09-05,1,0,0,1,0,City of London,https://cycleassetimages.data.tfl.gov.uk/RWG064312_1.jpg,https://cycleassetimages.data.tfl.gov.uk/RWG064312_2.jpg,"c(-0.0927073993, 51.5108849967)"
RWG064316,2017-09-05,1,1,0,0,0,City of London,https://cycleassetimages.data.tfl.gov.uk/RWG064316_1.jpg,https://cycleassetimages.data.tfl.gov.uk/RWG064316_2.jpg,"c(-0.0932363256, 51.510951129)"
RWG064240,2017-06-30,1,0,0,0,0,Camden,https://cycleassetimages.data.tfl.gov.uk/RWG064240_1.jpg,https://cycleassetimages.data.tfl.gov.uk/RWG064240_2.jpg,"c(-0.1350080599, 51.5213599532)"
RWG064226,2017-06-30,1,0,1,0,0,Westminster,https://cycleassetimages.data.tfl.gov.uk/RWG064226_1.jpg,https://cycleassetimages.data.tfl.gov.uk/RWG064226_2.jpg,"c(-0.1263263958, 51.5009013321)"
RWG064227,2017-06-30,1,0,1,0,0,Westminster,https://cycleassetimages.data.tfl.gov.uk/RWG064227_1.jpg,https://cycleassetimages.data.tfl.gov.uk/RWG064227_2.jpg,"c(-0.1272993482, 51.5003387494)"
RWG064229,2017-06-30,1,1,1,0,0,Westminster,https://cycleassetimages.data.tfl.gov.uk/RWG064229_1.jpg,https://cycleassetimages.data.tfl.gov.uk/RWG064229_2.jpg,"c(-0.123995898, 51.5008546203)"
RWG064243,2017-06-30,1,0,0,0,0,Camden,https://cycleassetimages.data.tfl.gov.uk/RWG064243_1.jpg,https://cycleassetimages.data.tfl.gov.uk/RWG064243_2.jpg,"c(-0.1256646493, 51.5256545065)"
RWG108671,2017-11-01,1,0,0,0,0,Camden,https://cycleassetimages.data.tfl.gov.uk/RWG108671_1.jpg,https://cycleassetimages.data.tfl.gov.uk/RWG108671_2.jpg,"c(-0.1183269425, 51.5272918761)"
RWG152594,2017-12-19,1,1,0,0,0,Westminster,https://cycleassetimages.data.tfl.gov.uk/RWG152594_1.jpg,https://cycleassetimages.data.tfl.gov.uk/RWG152594_2.jpg,"c(-0.1390970625, 51.5005931948)"
RWG064190,2017-06-27,1,0,0,0,0,Camden,https://cycleassetimages.data.tfl.gov.uk/RWG064190_1.jpg,https://cycleassetimages.data.tfl.gov.uk/RWG064190_2.jpg,"c(-0.128112391, 51.5246432809)"
RWG152593,2017-12-19,1,1,0,0,0,Westminster,https://cycleassetimages.data.tfl.gov.uk/RWG152593_1.jpg,https://cycleassetimages.data.tfl.gov.uk/RWG152593_2.jpg,"c(-0.1392292021, 51.500565376)"
RWG152592,2017-12-19,1,1,0,0,0,Westminster,https://cycleassetimages.data.tfl.gov.uk/RWG152592_1.jpg,https://cycleassetimages.data.tfl.gov.uk/RWG152592_2.jpg,"c(-0.1386571736, 51.5005046859)"
RWG064304,2017-09-03,1,0,0,0,0,City of London,https://cycleassetimages.data.tfl.gov.uk/RWG064304_1.jpg,https://cycleassetimages.data.tfl.gov.uk/RWG064304_2.jpg,"c(-0.0910800256, 51.5105785148)"
RWG064307,2017-09-04,1,0,0,0,0,City of London,https://cycleassetimages.data.tfl.gov.uk/RWG064307_1.jpg,https://cycleassetimages.data.tfl.gov.uk/RWG064307_2.jpg,"c(-0.0881621098, 51.5098790863)"
RWG064309,2017-09-04,1,1,0,0,0,City of London,https://cycleassetimages.data.tfl.gov.uk/RWG064309_1.jpg,https://cycleassetimages.data.tfl.gov.uk/RWG064309_2.jpg,"c(-0.0865628004, 51.509690758)"
RWG064188,2017-06-27,1,0,0,0,0,Camden,https://cycleassetimages.data.tfl.gov.uk/RWG064188_1.jpg,https://cycleassetimages.data.tfl.gov.uk/RWG064188_2.jpg,"c(-0.1286938235, 51.5244050659)"
RWG064189,2017-06-27,1,0,0,0,0,Camden,https://cycleassetimages.data.tfl.gov.uk/RWG064189_1.jpg,https://cycleassetimages.data.tfl.gov.uk/RWG064189_2.jpg,"c(-0.1280885123, 51.5246173578)"
RWG064199,2017-06-28,1,0,0,0,0,Camden,https://cycleassetimages.data.tfl.gov.uk/RWG064199_1.jpg,https://cycleassetimages.data.tfl.gov.uk/RWG064199_2.jpg,"c(-0.1291078683, 51.5242351098)"
RWG064211,2017-06-29,1,1,0,0,0,City of London,https://cycleassetimages.data.tfl.gov.uk/RWG064211_1.jpg,https://cycleassetimages.data.tfl.gov.uk/RWG064211_2.jpg,"c(-0.0786561062, 51.5096631692)"
RWG064212,2017-06-28,1,1,1,0,1,City of London,https://cycleassetimages.data.tfl.gov.uk/RWG064212_1.jpg,https://cycleassetimages.data.tfl.gov.uk/RWG064212_2.jpg,"c(-0.0801120276, 51.5096066574)"
RWG064234,2017-06-29,1,0,1,0,0,City of London,https://cycleassetimages.data.tfl.gov.uk/RWG064234_1.jpg,https://cycleassetimages.data.tfl.gov.uk/RWG064234_2.jpg,"c(-0.0805179365, 51.509474126)"
RWG064244,2017-06-30,1,1,0,0,0,City of London,https://cycleassetimages.data.tfl.gov.uk/RWG064244_1.jpg,https://cycleassetimages.data.tfl.gov.uk/RWG064244_2.jpg,"c(-0.0750617966, 51.5100161094)"
RWG064237,2017-06-30,1,0,0,0,0,City of London,https://cycleassetimages.data.tfl.gov.uk/RWG064237_1.jpg,https://cycleassetimages.data.tfl.gov.uk/RWG064237_2.jpg,"c(-0.0832653798, 51.5092762854)"
RWG064273,2017-07-03,1,1,0,0,0,City of London,https://cycleassetimages.data.tfl.gov.uk/RWG064273_1.jpg,https://cycleassetimages.data.tfl.gov.uk/RWG064273_2.jpg,"c(-0.1047270727, 51.5113622538)"
RWG064270,2017-07-03,1,1,0,0,0,City of London,https://cycleassetimages.data.tfl.gov.uk/RWG064270_1.jpg,https://cycleassetimages.data.tfl.gov.uk/RWG064270_2.jpg,"c(-0.1043837112, 51.5110323807)"
RWG064352,2017-09-10,1,0,0,0,0,City of London,https://cycleassetimages.data.tfl.gov.uk/RWG064352_1.jpg,https://cycleassetimages.data.tfl.gov.uk/RWG064352_2.jpg,"c(-0.1041420965, 51.5142195834)"
RWG153224,2018-01-11,1,0,0,0,0,City of London,https://cycleassetimages.data.tfl.gov.uk/RWG153224_1.jpg,https://cycleassetimages.data.tfl.gov.uk/RWG153224_2.jpg,"c(-0.1040619771, 51.5116022215)"
RWG064335,2017-09-06,1,1,0,0,0,City of London,https://cycleassetimages.data.tfl.gov.uk/RWG064335_1.jpg,https://cycleassetimages.data.tfl.gov.uk/RWG064335_2.jpg,"c(-0.1083892714, 51.5109907367)"
RWG064343,2017-09-07,1,1,1,0,1,City of London,https://cycleassetimages.data.tfl.gov.uk/RWG064343_1.jpg,https://cycleassetimages.data.tfl.gov.uk/RWG064343_2.jpg,"c(-0.0932020697, 51.5107291426)"
RWG064268,2017-07-03,1,1,0,0,0,City of London,https://cycleassetimages.data.tfl.gov.uk/RWG064268_1.jpg,https://cycleassetimages.data.tfl.gov.uk/RWG064268_2.jpg,"c(-0.1041953661, 51.5110470572)"
RWG064267,2017-07-02,1,1,0,0,0,City of London,https://cycleassetimages.data.tfl.gov.uk/RWG064267_1.jpg,https://cycleassetimages.data.tfl.gov.uk/RWG064267_2.jpg,"c(-0.1045714852, 51.510865587)"
RWG064246,2017-06-30,1,1,0,0,0,City of London,https://cycleassetimages.data.tfl.gov.uk/RWG064246_1.jpg,https://cycleassetimages.data.tfl.gov.uk/RWG064246_2.jpg,"c(-0.0742523574, 51.5100200815)"
RWG064260,2017-07-01,1,1,0,1,0,City of London,https://cycleassetimages.data.tfl.gov.uk/RWG064260_1.jpg,https://cycleassetimages.data.tfl.gov.uk/RWG064260_2.jpg,"c(-0.1044296502, 51.5143181283)"
RWG064262,2017-07-02,1,1,0,0,0,City of London,https://cycleassetimages.data.tfl.gov.uk/RWG064262_1.jpg,https://cycleassetimages.data.tfl.gov.uk/RWG064262_2.jpg,"c(-0.1045572328, 51.5157237324)"
RWG064294,2017-07-24,1,1,0,0,0,Islington,https://cycleassetimages.data.tfl.gov.uk/RWG064294_1.jpg,https://cycleassetimages.data.tfl.gov.uk/RWG064294_2.jpg,"c(-0.1083840594, 51.5268407289)"
RWG064292,2017-07-05,1,1,0,0,1,Islington,https://cycleassetimages.data.tfl.gov.uk/RWG064292_1.jpg,https://cycleassetimages.data.tfl.gov.uk/RWG064292_2.jpg,"c(-0.105875972, 51.5306145551)"
RWG064191,2017-06-27,1,0,0,0,0,Islington,https://cycleassetimages.data.tfl.gov.uk/RWG064191_1.jpg,https://cycleassetimages.data.tfl.gov.uk/RWG064191_2.jpg,"c(-0.1045316839, 51.5310790863)"
RWG064180,2017-06-27,1,0,0,0,0,Westminster,https://cycleassetimages.data.tfl.gov.uk/RWG064180_1.jpg,https://cycleassetimages.data.tfl.gov.uk/RWG064180_2.jpg,"c(-0.1500154648, 51.5026058271)"
RWG064167,2017-06-25,1,1,0,1,0,Tower Hamlets,https://cycleassetimages.data.tfl.gov.uk/RWG064167_1.jpg,https://cycleassetimages.data.tfl.gov.uk/RWG064167_2.jpg,"c(-0.0626609665, 51.5183840626)"
RWG064198,2017-06-28,1,0,0,0,0,Islington,https://cycleassetimages.data.tfl.gov.uk/RWG064198_1.jpg,https://cycleassetimages.data.tfl.gov.uk/RWG064198_2.jpg,"c(-0.1043275756, 51.531428398)"
RWG064195,2017-06-28,1,0,0,0,0,Islington,https://cycleassetimages.data.tfl.gov.uk/RWG064195_1.jpg,https://cycleassetimages.data.tfl.gov.uk/RWG064195_2.jpg,"c(-0.1044343394, 51.5311311304)"
RWG064235,2017-06-30,1,1,0,0,0,Islington,https://cycleassetimages.data.tfl.gov.uk/RWG064235_1.jpg,https://cycleassetimages.data.tfl.gov.uk/RWG064235_2.jpg,"c(-0.0907406031, 51.5254525337)"
RWG064166,2017-06-25,1,0,0,0,0,Tower Hamlets,https://cycleassetimages.data.tfl.gov.uk/RWG064166_1.jpg,https://cycleassetimages.data.tfl.gov.uk/RWG064166_2.jpg,"c(-0.0629796098, 51.5183896153)"
RWG064232,2017-06-30,1,1,0,0,0,Tower Hamlets,https://cycleassetimages.data.tfl.gov.uk/RWG064232_1.jpg,https://cycleassetimages.data.tfl.gov.uk/RWG064232_2.jpg,"c(-0.0782247322, 51.5094850687)"
RWG064249,2017-06-30,1,1,0,0,0,Tower Hamlets,https://cycleassetimages.data.tfl.gov.uk/RWG064249_1.jpg,https://cycleassetimages.data.tfl.gov.uk/RWG064249_2.jpg,"c(-0.0687373902, 51.5108652094)"
RWG064321,2017-09-05,1,1,0,0,0,Tower Hamlets,https://cycleassetimages.data.tfl.gov.uk/RWG064321_1.jpg,https://cycleassetimages.data.tfl.gov.uk/RWG064321_2.jpg,"c(-0.0714875113, 51.5152564157)"
RWG108670,2017-09-28,1,1,0,1,0,Tower Hamlets,https://cycleassetimages.data.tfl.gov.uk/RWG108670_1.jpg,https://cycleassetimages.data.tfl.gov.uk/RWG108670_2.jpg,"c(-0.0562772137, 51.5197481874)"
RWG064305,2017-09-04,1,1,0,0,0,Tower Hamlets,https://cycleassetimages.data.tfl.gov.uk/RWG064305_1.jpg,https://cycleassetimages.data.tfl.gov.uk/RWG064305_2.jpg,"c(-0.076845751, 51.5095695622)"
RWG064320,2017-09-05,1,0,0,0,0,Tower Hamlets,https://cycleassetimages.data.tfl.gov.uk/RWG064320_1.jpg,https://cycleassetimages.data.tfl.gov.uk/RWG064320_2.jpg,"c(-0.0703240404, 51.5156614129)"
RWG064238,2017-06-30,1,1,0,0,0,Tower Hamlets,https://cycleassetimages.data.tfl.gov.uk/RWG064238_1.jpg,https://cycleassetimages.data.tfl.gov.uk/RWG064238_2.jpg,"c(-0.068352984, 51.5108565821)"
RWG064248,2017-06-29,1,1,0,0,0,Tower Hamlets,https://cycleassetimages.data.tfl.gov.uk/RWG064248_1.jpg,https://cycleassetimages.data.tfl.gov.uk/RWG064248_2.jpg,"c(-0.072328538, 51.5102052708)"
RWG064204,2017-06-29,1,1,0,0,0,Westminster,https://cycleassetimages.data.tfl.gov.uk/RWG064204_1.jpg,https://cycleassetimages.data.tfl.gov.uk/RWG064204_2.jpg,"c(-0.1359276419, 51.5039627485)"
RWG064207,2017-06-29,1,1,0,0,0,Westminster,https://cycleassetimages.data.tfl.gov.uk/RWG064207_1.jpg,https://cycleassetimages.data.tfl.gov.uk/RWG064207_2.jpg,"c(-0.1275079752, 51.5011855932)"
RWG064209,2017-06-29,1,0,0,0,0,Westminster,https://cycleassetimages.data.tfl.gov.uk/RWG064209_1.jpg,https://cycleassetimages.data.tfl.gov.uk/RWG064209_2.jpg,"c(-0.1294505122, 51.5012684551)"
RWG152601,2017-12-19,1,1,0,0,0,Westminster,https://cycleassetimages.data.tfl.gov.uk/RWG152601_1.jpg,https://cycleassetimages.data.tfl.gov.uk/RWG152601_2.jpg,"c(-0.1401946692, 51.5022404795)"
RWG064221,2017-06-29,1,1,0,0,0,Islington,https://cycleassetimages.data.tfl.gov.uk/RWG064221_1.jpg,https://cycleassetimages.data.tfl.gov.uk/RWG064221_2.jpg,"c(-0.1083697815, 51.5267938902)"
RWG064168,2017-06-25,1,1,0,1,0,Tower Hamlets,https://cycleassetimages.data.tfl.gov.uk/RWG064168_1.jpg,https://cycleassetimages.data.tfl.gov.uk/RWG064168_2.jpg,"c(-0.0625564649, 51.5184047532)"
RWG064169,2017-06-25,1,1,0,0,0,Tower Hamlets,https://cycleassetimages.data.tfl.gov.uk/RWG064169_1.jpg,https://cycleassetimages.data.tfl.gov.uk/RWG064169_2.jpg,"c(-0.056414828, 51.5196614336)"
RWG064170,2017-06-26,1,1,0,0,0,Tower Hamlets,https://cycleassetimages.data.tfl.gov.uk/RWG064170_1.jpg,https://cycleassetimages.data.tfl.gov.uk/RWG064170_2.jpg,"c(-0.0560458061, 51.5197798337)"
RWG064206,2017-06-28,1,1,0,0,0,Westminster,https://cycleassetimages.data.tfl.gov.uk/RWG064206_1.jpg,https://cycleassetimages.data.tfl.gov.uk/RWG064206_2.jpg,"c(-0.129618657, 51.5010590918)"
RWG064342,2017-09-07,1,0,0,0,0,Westminster,https://cycleassetimages.data.tfl.gov.uk/RWG064342_1.jpg,https://cycleassetimages.data.tfl.gov.uk/RWG064342_2.jpg,"c(-0.1277139255, 51.5002878373)"
RWG064333,2017-09-06,1,1,0,0,0,Westminster,https://cycleassetimages.data.tfl.gov.uk/RWG064333_1.jpg,https://cycleassetimages.data.tfl.gov.uk/RWG064333_2.jpg,"c(-0.113471703, 51.5107881984)"
RWG064332,2017-09-06,1,1,0,0,0,Westminster,https://cycleassetimages.data.tfl.gov.uk/RWG064332_1.jpg,https://cycleassetimages.data.tfl.gov.uk/RWG064332_2.jpg,"c(-0.1153134416, 51.5104699328)"
RWG064230,2017-06-30,1,1,1,0,0,Westminster,https://cycleassetimages.data.tfl.gov.uk/RWG064230_1.jpg,https://cycleassetimages.data.tfl.gov.uk/RWG064230_2.jpg,"c(-0.123597825, 51.5008202857)"
RWG064274,2017-07-03,1,1,1,0,1,Westminster,https://cycleassetimages.data.tfl.gov.uk/RWG064274_1.jpg,https://cycleassetimages.data.tfl.gov.uk/RWG064274_2.jpg,"c(-0.1225451719, 51.5066215272)"
RWG064275,2017-07-04,1,0,0,0,0,Westminster,https://cycleassetimages.data.tfl.gov.uk/RWG064275_1.jpg,https://cycleassetimages.data.tfl.gov.uk/RWG064275_2.jpg,"c(-0.1222902679, 51.5063731484)"
RWG152588,2017-12-19,1,1,1,0,1,Westminster,https://cycleassetimages.data.tfl.gov.uk/RWG152588_1.jpg,https://cycleassetimages.data.tfl.gov.uk/RWG152588_2.jpg,"c(-0.1300309622, 51.5012938091)"
RWG152591,2017-12-19,1,1,0,0,0,Westminster,https://cycleassetimages.data.tfl.gov.uk/RWG152591_1.jpg,https://cycleassetimages.data.tfl.gov.uk/RWG152591_2.jpg,"c(-0.1384463369, 51.5004594985)"
RWG152595,2017-12-19,1,1,0,0,0,Westminster,https://cycleassetimages.data.tfl.gov.uk/RWG152595_1.jpg,https://cycleassetimages.data.tfl.gov.uk/RWG152595_2.jpg,"c(-0.1395412494, 51.5008961071)"
RWG064228,2017-06-30,1,1,1,0,0,Westminster,https://cycleassetimages.data.tfl.gov.uk/RWG064228_1.jpg,https://cycleassetimages.data.tfl.gov.uk/RWG064228_2.jpg,"c(-0.1257842665, 51.5008745236)"
RWG152587,2017-12-19,1,1,1,0,0,Westminster,https://cycleassetimages.data.tfl.gov.uk/RWG152587_1.jpg,https://cycleassetimages.data.tfl.gov.uk/RWG152587_2.jpg,"c(-0.1301617883, 51.501366084)"
RWG152597,2017-12-19,1,1,0,0,0,Westminster,https://cycleassetimages.data.tfl.gov.uk/RWG152597_1.jpg,https://cycleassetimages.data.tfl.gov.uk/RWG152597_2.jpg,"c(-0.1399966103, 51.5019280219)"
RWG152598,2017-12-19,1,1,0,0,0,Westminster,https://cycleassetimages.data.tfl.gov.uk/RWG152598_1.jpg,https://cycleassetimages.data.tfl.gov.uk/RWG152598_2.jpg,"c(-0.140599628, 51.5001825127)"
RWG064276,2017-07-04,1,0,0,0,0,Westminster,https://cycleassetimages.data.tfl.gov.uk/RWG064276_1.jpg,https://cycleassetimages.data.tfl.gov.uk/RWG064276_2.jpg,"c(-0.122239699, 51.5063733469)"
RWG064277,2017-07-04,1,1,0,0,0,Westminster,https://cycleassetimages.data.tfl.gov.uk/RWG064277_1.jpg,https://cycleassetimages.data.tfl.gov.uk/RWG064277_2.jpg,"c(-0.1222550735, 51.5064215782)"
RWG064280,2017-07-04,1,1,0,0,0,Westminster,https://cycleassetimages.data.tfl.gov.uk/RWG064280_1.jpg,https://cycleassetimages.data.tfl.gov.uk/RWG064280_2.jpg,"c(-0.1218211619, 51.5071563703)"
RWG064181,2017-06-27,1,0,0,0,0,Westminster,https://cycleassetimages.data.tfl.gov.uk/RWG064181_1.jpg,https://cycleassetimages.data.tfl.gov.uk/RWG064181_2.jpg,"c(-0.1495656949, 51.502617286)"
RWG064220,2017-06-29,1,1,0,0,0,Westminster,https://cycleassetimages.data.tfl.gov.uk/RWG064220_1.jpg,https://cycleassetimages.data.tfl.gov.uk/RWG064220_2.jpg,"c(-0.1416913797, 51.514009118)"
RWG108669,2017-06-29,1,1,0,0,0,Westminster,https://cycleassetimages.data.tfl.gov.uk/RWG108669_1.jpg,https://cycleassetimages.data.tfl.gov.uk/RWG108669_2.jpg,"c(-0.1416369604, 51.5140197872)"
RWG064222,2017-06-30,1,1,0,0,0,Westminster,https://cycleassetimages.data.tfl.gov.uk/RWG064222_1.jpg,https://cycleassetimages.data.tfl.gov.uk/RWG064222_2.jpg,"c(-0.1262355983, 51.501144366)"
RWG152599,2017-12-19,1,1,0,0,0,Westminster,https://cycleassetimages.data.tfl.gov.uk/RWG152599_1.jpg,https://cycleassetimages.data.tfl.gov.uk/RWG152599_2.jpg,"c(-0.140622202, 51.5002572601)"
RWG152600,2017-12-19,1,1,0,0,0,Westminster,https://cycleassetimages.data.tfl.gov.uk/RWG152600_1.jpg,https://cycleassetimages.data.tfl.gov.uk/RWG152600_2.jpg,"c(-0.1394858853, 51.5004397388)"
RWG064282,2017-07-04,1,1,0,0,0,Westminster,https://cycleassetimages.data.tfl.gov.uk/RWG064282_1.jpg,https://cycleassetimages.data.tfl.gov.uk/RWG064282_2.jpg,"c(-0.1195607026, 51.5090579169)"
RWG064284,2017-07-04,1,1,0,0,0,Westminster,https://cycleassetimages.data.tfl.gov.uk/RWG064284_1.jpg,https://cycleassetimages.data.tfl.gov.uk/RWG064284_2.jpg,"c(-0.1189017755, 51.5094012575)"
RWG064183,2017-06-27,1,0,0,0,0,Westminster,https://cycleassetimages.data.tfl.gov.uk/RWG064183_1.jpg,https://cycleassetimages.data.tfl.gov.uk/RWG064183_2.jpg,"c(-0.1489465554, 51.502496212)"
RWG064185,2017-06-27,1,0,0,0,0,Westminster,https://cycleassetimages.data.tfl.gov.uk/RWG064185_1.jpg,https://cycleassetimages.data.tfl.gov.uk/RWG064185_2.jpg,"c(-0.1491966086, 51.5023997356)"
RWG064278,2017-07-04,1,1,0,0,0,Westminster,https://cycleassetimages.data.tfl.gov.uk/RWG064278_1.jpg,https://cycleassetimages.data.tfl.gov.uk/RWG064278_2.jpg,"c(-0.122245682, 51.5064324476)"
RWG064231,2017-06-30,1,1,1,0,0,Westminster,https://cycleassetimages.data.tfl.gov.uk/RWG064231_1.jpg,https://cycleassetimages.data.tfl.gov.uk/RWG064231_2.jpg,"c(-0.1235956873, 51.5008329304)"
RWG064339,2017-09-06,1,1,0,0,0,Westminster,https://cycleassetimages.data.tfl.gov.uk/RWG064339_1.jpg,https://cycleassetimages.data.tfl.gov.uk/RWG064339_2.jpg,"c(-0.1238589154, 51.5008484291)"
RWG064341,2017-09-07,1,1,0,0,1,Westminster,https://cycleassetimages.data.tfl.gov.uk/RWG064341_1.jpg,https://cycleassetimages.data.tfl.gov.uk/RWG064341_2.jpg,"c(-0.1278309366, 51.5002045314)"
RWG064331,2017-09-06,1,1,0,0,0,Westminster,https://cycleassetimages.data.tfl.gov.uk/RWG064331_1.jpg,https://cycleassetimages.data.tfl.gov.uk/RWG064331_2.jpg,"c(-0.1154722536, 51.5104780733)"
RWG089060,2017-10-09,1,0,1,0,0,Kensington & Chelsea,https://cycleassetimages.data.tfl.gov.uk/RWG089060_1.jpg,https://cycleassetimages.data.tfl.gov.uk/RWG089060_2.jpg,"c(-0.1943488691, 51.4895645979)"
RWG044097,2017-07-10,1,1,0,0,0,Kensington & Chelsea,https://cycleassetimages.data.tfl.gov.uk/RWG044097_1.jpg,https://cycleassetimages.data.tfl.gov.uk/RWG044097_2.jpg,"c(-0.1912438115, 51.4908007349)"
RWG089058,2017-10-09,1,0,1,0,0,Kensington & Chelsea,https://cycleassetimages.data.tfl.gov.uk/RWG089058_1.jpg,https://cycleassetimages.data.tfl.gov.uk/RWG089058_2.jpg,"c(-0.1942560293, 51.4895502344)"
RWG089059,2017-10-09,1,0,1,0,0,Kensington & Chelsea,https://cycleassetimages.data.tfl.gov.uk/RWG089059_1.jpg,https://cycleassetimages.data.tfl.gov.uk/RWG089059_2.jpg,"c(-0.1945022778, 51.4894767617)"
RWG999862,2018-02-19,1,1,0,0,0,Kensington & Chelsea,https://cycleassetimages.data.tfl.gov.uk/no_asset_photo.png,https://cycleassetimages.data.tfl.gov.uk/no_asset_photo.png,"c(-0.1912757821, 51.4908002261)"
RWG070863,2017-10-08,1,0,0,0,0,Hackney,https://cycleassetimages.data.tfl.gov.uk/RWG070863_1.jpg,https://cycleassetimages.data.tfl.gov.uk/RWG070863_2.jpg,"c(-0.0773882598, 51.5245848261)"
RWG070833,2017-09-04,1,0,1,0,0,Hackney,https://cycleassetimages.data.tfl.gov.uk/RWG070833_1.jpg,https://cycleassetimages.data.tfl.gov.uk/RWG070833_2.jpg,"c(-0.0768322282, 51.5344883841)"
RWG999825,2018-02-16,1,1,0,0,0,Hackney,https://cycleassetimages.data.tfl.gov.uk/RWG999825_1.jpg,https://cycleassetimages.data.tfl.gov.uk/RWG999825_2.jpg,"c(-0.0771700025, 51.5246398521)"
RWG070800,2017-07-04,1,0,0,0,0,Tower Hamlets,https://cycleassetimages.data.tfl.gov.uk/RWG070800_1.jpg,https://cycleassetimages.data.tfl.gov.uk/RWG070800_2.jpg,"c(-0.0216117728, 51.527655454)"
RWG070807,2017-07-07,1,0,0,0,0,Tower Hamlets,https://cycleassetimages.data.tfl.gov.uk/RWG070807_1.jpg,https://cycleassetimages.data.tfl.gov.uk/RWG070807_2.jpg,"c(-0.0500056894, 51.5209347448)"
RWG070815,2017-07-10,1,0,0,0,0,Tower Hamlets,https://cycleassetimages.data.tfl.gov.uk/RWG070815_1.jpg,https://cycleassetimages.data.tfl.gov.uk/RWG070815_2.jpg,"c(-0.0219549163, 51.5278561122)"
RWG070784,2017-07-02,1,1,0,0,0,Hackney,https://cycleassetimages.data.tfl.gov.uk/RWG070784_1.jpg,https://cycleassetimages.data.tfl.gov.uk/RWG070784_2.jpg,"c(-0.0841930029, 51.5264071138)"
RWG070785,2017-02-06,1,0,0,1,0,Hackney,https://cycleassetimages.data.tfl.gov.uk/RWG070785_1.jpg,https://cycleassetimages.data.tfl.gov.uk/RWG070785_2.jpg,"c(-0.0838455056, 51.5263700313)"
RWG070834,2017-09-06,1,1,0,0,0,Tower Hamlets,https://cycleassetimages.data.tfl.gov.uk/RWG070834_1.jpg,https://cycleassetimages.data.tfl.gov.uk/RWG070834_2.jpg,"c(-0.0345232961, 51.5249807001)"
RWG070830,2017-07-27,1,0,0,0,0,Tower Hamlets,https://cycleassetimages.data.tfl.gov.uk/RWG070830_1.jpg,https://cycleassetimages.data.tfl.gov.uk/RWG070830_2.jpg,"c(-0.0190106663, 51.5281444487)"
RWG070838,2017-06-08,1,0,1,0,0,Tower Hamlets,https://cycleassetimages.data.tfl.gov.uk/RWG070838_1.jpg,https://cycleassetimages.data.tfl.gov.uk/RWG070838_2.jpg,"c(-0.0464579211, 51.5218846946)"
RWG070816,2017-07-10,1,1,0,0,0,Tower Hamlets,https://cycleassetimages.data.tfl.gov.uk/RWG070816_1.jpg,https://cycleassetimages.data.tfl.gov.uk/RWG070816_2.jpg,"c(-0.0399662875, 51.5230635916)"
RWG070849,2017-09-07,1,1,0,0,0,Tower Hamlets,https://cycleassetimages.data.tfl.gov.uk/RWG070849_1.jpg,https://cycleassetimages.data.tfl.gov.uk/RWG070849_2.jpg,"c(-0.0397098229, 51.5231527887)"
RWG152958,2018-01-05,1,0,0,1,0,Tower Hamlets,https://cycleassetimages.data.tfl.gov.uk/RWG152958_1.jpg,https://cycleassetimages.data.tfl.gov.uk/RWG152958_2.jpg,"c(-0.0629602252, 51.5185511717)"
RWG070842,2017-09-06,1,1,1,0,0,Hackney,https://cycleassetimages.data.tfl.gov.uk/RWG070842_1.jpg,https://cycleassetimages.data.tfl.gov.uk/RWG070842_2.jpg,"c(-0.0628117521, 51.5350540048)"
RWG070843,2017-09-06,1,1,1,0,0,Hackney,https://cycleassetimages.data.tfl.gov.uk/RWG070843_1.jpg,https://cycleassetimages.data.tfl.gov.uk/RWG070843_2.jpg,"c(-0.0629534094, 51.5348623162)"
RWG070841,2017-09-06,1,1,1,0,0,Hackney,https://cycleassetimages.data.tfl.gov.uk/RWG070841_1.jpg,https://cycleassetimages.data.tfl.gov.uk/RWG070841_2.jpg,"c(-0.0631183801, 51.5350381307)"
RWG070850,2017-09-09,1,0,0,0,0,Hackney,https://cycleassetimages.data.tfl.gov.uk/RWG070850_1.jpg,https://cycleassetimages.data.tfl.gov.uk/RWG070850_2.jpg,"c(-0.0832804709, 51.5260551425)"
RWG070840,2017-09-06,1,1,1,0,0,Hackney,https://cycleassetimages.data.tfl.gov.uk/RWG070840_1.jpg,https://cycleassetimages.data.tfl.gov.uk/RWG070840_2.jpg,"c(-0.0631582959, 51.5348947217)"
RWG070844,2017-09-07,1,1,0,0,0,Hackney,https://cycleassetimages.data.tfl.gov.uk/RWG070844_1.jpg,https://cycleassetimages.data.tfl.gov.uk/RWG070844_2.jpg,"c(-0.0840744826, 51.5264640563)"
RWG070846,2017-09-07,1,0,1,0,0,Hackney,https://cycleassetimages.data.tfl.gov.uk/RWG070846_1.jpg,https://cycleassetimages.data.tfl.gov.uk/RWG070846_2.jpg,"c(-0.0837076898, 51.5264216562)"
RWG108772,2017-07-12,1,0,0,0,0,Tower Hamlets,https://cycleassetimages.data.tfl.gov.uk/RWG108772_1.jpg,https://cycleassetimages.data.tfl.gov.uk/RWG108772_2.jpg,"c(-0.0455593536, 51.5220586725)"
RWG070822,2017-07-12,1,0,1,0,0,Tower Hamlets,https://cycleassetimages.data.tfl.gov.uk/RWG070822_1.jpg,https://cycleassetimages.data.tfl.gov.uk/RWG070822_2.jpg,"c(-0.046219537, 51.5217789475)"
RWG070825,2017-07-12,1,0,1,0,0,Tower Hamlets,https://cycleassetimages.data.tfl.gov.uk/RWG070825_1.jpg,https://cycleassetimages.data.tfl.gov.uk/RWG070825_2.jpg,"c(-0.0495377614, 51.5211060044)"
RWG070829,2017-07-27,1,0,0,0,0,Tower Hamlets,https://cycleassetimages.data.tfl.gov.uk/RWG070829_1.jpg,https://cycleassetimages.data.tfl.gov.uk/RWG070829_2.jpg,"c(-0.0193620134, 51.5281358673)"
RWG070836,2017-09-06,1,1,1,0,0,Tower Hamlets,https://cycleassetimages.data.tfl.gov.uk/RWG070836_1.jpg,https://cycleassetimages.data.tfl.gov.uk/RWG070836_2.jpg,"c(-0.0345552777, 51.5252712146)"
RWG152909,2018-01-03,1,0,0,1,0,Tower Hamlets,https://cycleassetimages.data.tfl.gov.uk/RWG152909_1.jpg,https://cycleassetimages.data.tfl.gov.uk/RWG152909_2.jpg,"c(-0.0720917204, 51.5152522473)"
RWG070837,2017-09-06,1,1,1,1,0,Tower Hamlets,https://cycleassetimages.data.tfl.gov.uk/RWG070837_1.jpg,https://cycleassetimages.data.tfl.gov.uk/RWG070837_2.jpg,"c(-0.0345396648, 51.5249767395)"
RWG070801,2017-07-05,1,0,1,1,0,Tower Hamlets,https://cycleassetimages.data.tfl.gov.uk/RWG070801_1.jpg,https://cycleassetimages.data.tfl.gov.uk/RWG070801_2.jpg,"c(-0.0348776915, 51.5248271443)"
RWG070803,2017-07-05,1,1,0,1,0,Tower Hamlets,https://cycleassetimages.data.tfl.gov.uk/RWG070803_1.jpg,https://cycleassetimages.data.tfl.gov.uk/RWG070803_2.jpg,"c(-0.0350772564, 51.5250501672)"
RWG070827,2017-07-15,1,0,0,0,0,Tower Hamlets,https://cycleassetimages.data.tfl.gov.uk/RWG070827_1.jpg,https://cycleassetimages.data.tfl.gov.uk/RWG070827_2.jpg,"c(-0.0706928866, 51.5157583726)"
RWG152910,2018-01-04,1,1,0,0,0,Tower Hamlets,https://cycleassetimages.data.tfl.gov.uk/RWG152910_1.jpg,https://cycleassetimages.data.tfl.gov.uk/RWG152910_2.jpg,"c(-0.0706856936, 51.5157209219)"
RWG152957,2018-01-05,0,0,0,0,0,Tower Hamlets,https://cycleassetimages.data.tfl.gov.uk/RWG152957_1.jpg,https://cycleassetimages.data.tfl.gov.uk/RWG152957_2.jpg,"c(-0.0137938871, 51.5294400106)"
RWG152959,2018-01-05,1,0,1,0,0,Tower Hamlets,https://cycleassetimages.data.tfl.gov.uk/RWG152959_1.jpg,https://cycleassetimages.data.tfl.gov.uk/RWG152959_2.jpg,"c(-0.0626653288, 51.518487623)"
RWG152960,2018-01-05,1,0,1,0,0,Tower Hamlets,https://cycleassetimages.data.tfl.gov.uk/RWG152960_1.jpg,https://cycleassetimages.data.tfl.gov.uk/RWG152960_2.jpg,"c(-0.0627972033, 51.5186505893)"
RWG070835,2017-09-06,1,0,0,1,0,Tower Hamlets,https://cycleassetimages.data.tfl.gov.uk/RWG070835_1.jpg,https://cycleassetimages.data.tfl.gov.uk/RWG070835_2.jpg,"c(-0.0347713371, 51.5248776569)"
RWG070804,2017-07-05,1,1,0,1,0,Tower Hamlets,https://cycleassetimages.data.tfl.gov.uk/RWG070804_1.jpg,https://cycleassetimages.data.tfl.gov.uk/RWG070804_2.jpg,"c(-0.034870184, 51.5251633223)"
RWG070819,2017-07-11,1,1,1,0,1,Tower Hamlets,https://cycleassetimages.data.tfl.gov.uk/RWG070819_1.jpg,https://cycleassetimages.data.tfl.gov.uk/RWG070819_2.jpg,"c(-0.0562794662, 51.5200319619)"
RWG070820,2017-07-11,1,0,0,0,0,Tower Hamlets,https://cycleassetimages.data.tfl.gov.uk/RWG070820_1.jpg,https://cycleassetimages.data.tfl.gov.uk/RWG070820_2.jpg,"c(-0.0720401334, 51.5153775166)"
RWG070821,2017-07-12,1,0,1,0,0,Tower Hamlets,https://cycleassetimages.data.tfl.gov.uk/RWG070821_1.jpg,https://cycleassetimages.data.tfl.gov.uk/RWG070821_2.jpg,"c(-0.0453782964, 51.5219409966)"
RWG070826,2017-07-12,1,0,0,1,0,Tower Hamlets,https://cycleassetimages.data.tfl.gov.uk/RWG070826_1.jpg,https://cycleassetimages.data.tfl.gov.uk/RWG070826_2.jpg,"c(-0.0630572642, 51.5185173856)"
RWG070817,2017-07-11,1,0,1,1,0,Tower Hamlets,https://cycleassetimages.data.tfl.gov.uk/RWG070817_1.jpg,https://cycleassetimages.data.tfl.gov.uk/RWG070817_2.jpg,"c(-0.0567354355, 51.5198811761)"
RWG070818,2017-07-11,1,0,1,1,0,Tower Hamlets,https://cycleassetimages.data.tfl.gov.uk/RWG070818_1.jpg,https://cycleassetimages.data.tfl.gov.uk/RWG070818_2.jpg,"c(-0.0567354052, 51.5198812107)"
RWG070828,2017-07-15,0,0,1,0,0,Tower Hamlets,https://cycleassetimages.data.tfl.gov.uk/RWG070828_1.jpg,https://cycleassetimages.data.tfl.gov.uk/RWG070828_2.jpg,"c(-0.0698841167, 51.5160640225)"
RWG070831,2017-07-27,1,0,0,0,0,Tower Hamlets,https://cycleassetimages.data.tfl.gov.uk/RWG070831_1.jpg,https://cycleassetimages.data.tfl.gov.uk/RWG070831_2.jpg,"c(-0.0144128768, 51.5293977159)"
RWG070806,2017-07-07,1,0,1,0,0,Tower Hamlets,https://cycleassetimages.data.tfl.gov.uk/RWG070806_1.jpg,https://cycleassetimages.data.tfl.gov.uk/RWG070806_2.jpg,"c(-0.0503062286, 51.5210798341)"
RWG070832,2017-07-27,1,0,0,0,0,Tower Hamlets,https://cycleassetimages.data.tfl.gov.uk/RWG070832_1.jpg,https://cycleassetimages.data.tfl.gov.uk/RWG070832_2.jpg,"c(-0.0214450714, 51.5277970194)"
RWG054871,2017-07-19,1,1,0,0,0,Westminster,https://cycleassetimages.data.tfl.gov.uk/RWG054871_1.jpg,https://cycleassetimages.data.tfl.gov.uk/RWG054871_2.jpg,"c(-0.1462986028, 51.4970656343)"
RWG054830,2017-07-17,1,1,0,0,0,Westminster,https://cycleassetimages.data.tfl.gov.uk/RWG054830_1.jpg,https://cycleassetimages.data.tfl.gov.uk/RWG054830_2.jpg,"c(-0.1584817085, 51.5023293757)"
RWG054881,2017-07-20,1,1,0,0,0,Westminster,https://cycleassetimages.data.tfl.gov.uk/RWG054881_1.jpg,https://cycleassetimages.data.tfl.gov.uk/RWG054881_2.jpg,"c(-0.1501369452, 51.4907728352)"
RWG054882,2017-07-20,1,1,0,0,0,Westminster,https://cycleassetimages.data.tfl.gov.uk/RWG054882_1.jpg,https://cycleassetimages.data.tfl.gov.uk/RWG054882_2.jpg,"c(-0.1500805463, 51.490783896)"
RWG054883,2017-07-20,1,1,0,0,0,Westminster,https://cycleassetimages.data.tfl.gov.uk/RWG054883_1.jpg,https://cycleassetimages.data.tfl.gov.uk/RWG054883_2.jpg,"c(-0.1500823221, 51.4907559684)"
RWG054876,2017-07-19,1,0,0,0,0,Westminster,https://cycleassetimages.data.tfl.gov.uk/RWG054876_1.jpg,https://cycleassetimages.data.tfl.gov.uk/RWG054876_2.jpg,"c(-0.1584502907, 51.502778224)"
RWG054880,2017-07-19,1,0,0,0,0,Westminster,https://cycleassetimages.data.tfl.gov.uk/RWG054880_1.jpg,https://cycleassetimages.data.tfl.gov.uk/RWG054880_2.jpg,"c(-0.1628721204, 51.5025220217)"
RWG054899,2017-09-18,1,1,0,0,1,Westminster,https://cycleassetimages.data.tfl.gov.uk/RWG054899_1.jpg,https://cycleassetimages.data.tfl.gov.uk/RWG054899_2.jpg,"c(-0.1306784808, 51.4892928853)"
RWG054900,2017-09-18,1,1,0,0,1,Westminster,https://cycleassetimages.data.tfl.gov.uk/RWG054900_1.jpg,https://cycleassetimages.data.tfl.gov.uk/RWG054900_2.jpg,"c(-0.1308454275, 51.4894173253)"
RWG054892,2017-07-21,1,0,0,0,0,Westminster,https://cycleassetimages.data.tfl.gov.uk/RWG054892_1.jpg,https://cycleassetimages.data.tfl.gov.uk/RWG054892_2.jpg,"c(-0.1315679934, 51.489411604)"
RWG054877,2017-07-19,1,0,0,0,0,Westminster,https://cycleassetimages.data.tfl.gov.uk/RWG054877_1.jpg,https://cycleassetimages.data.tfl.gov.uk/RWG054877_2.jpg,"c(-0.1584502878, 51.5027782267)"
RWG054838,2017-07-18,1,1,0,0,0,Wandsworth,https://cycleassetimages.data.tfl.gov.uk/RWG054838_1.jpg,https://cycleassetimages.data.tfl.gov.uk/RWG054838_2.jpg,"c(-0.1489586182, 51.4776605251)"
RWG054861,2017-07-19,1,1,0,0,0,Wandsworth,https://cycleassetimages.data.tfl.gov.uk/RWG054861_1.jpg,https://cycleassetimages.data.tfl.gov.uk/RWG054861_2.jpg,"c(-0.1483590025, 51.4775416159)"
RWG054862,2017-07-19,1,1,0,0,0,Wandsworth,https://cycleassetimages.data.tfl.gov.uk/RWG054862_1.jpg,https://cycleassetimages.data.tfl.gov.uk/RWG054862_2.jpg,"c(-0.148351231, 51.4775940544)"
RWG054863,2017-07-19,1,1,0,0,0,Wandsworth,https://cycleassetimages.data.tfl.gov.uk/RWG054863_1.jpg,https://cycleassetimages.data.tfl.gov.uk/RWG054863_2.jpg,"c(-0.1479265465, 51.4779649971)"
RWG054864,2017-07-19,1,1,0,0,0,Wandsworth,https://cycleassetimages.data.tfl.gov.uk/RWG054864_1.jpg,https://cycleassetimages.data.tfl.gov.uk/RWG054864_2.jpg,"c(-0.1480203733, 51.4779360226)"
RWG054878,2017-07-19,1,0,0,0,0,Westminster,https://cycleassetimages.data.tfl.gov.uk/RWG054878_1.jpg,https://cycleassetimages.data.tfl.gov.uk/RWG054878_2.jpg,"c(-0.1585504766, 51.5028326219)"
RWG054879,2017-07-19,1,0,0,0,0,Westminster,https://cycleassetimages.data.tfl.gov.uk/RWG054879_1.jpg,https://cycleassetimages.data.tfl.gov.uk/RWG054879_2.jpg,"c(-0.1627645252, 51.5024852118)"
RWG153648,2018-01-09,1,0,0,0,0,Lambeth,https://cycleassetimages.data.tfl.gov.uk/RWG153648_1.jpg,https://cycleassetimages.data.tfl.gov.uk/RWG153648_2.jpg,"c(-0.1177005691, 51.5008493952)"
RWG054802,2017-06-19,1,1,0,0,0,Westminster,https://cycleassetimages.data.tfl.gov.uk/RWG054802_1.jpg,https://cycleassetimages.data.tfl.gov.uk/RWG054802_2.jpg,"c(-0.1665544918, 51.5124826164)"
RWG054904,2017-09-19,1,0,1,0,0,Lambeth,https://cycleassetimages.data.tfl.gov.uk/RWG054904_1.jpg,https://cycleassetimages.data.tfl.gov.uk/RWG054904_2.jpg,"c(-0.1108968966, 51.4815440258)"
RWG054905,2017-09-19,1,0,0,0,0,Lambeth,https://cycleassetimages.data.tfl.gov.uk/RWG054905_1.jpg,https://cycleassetimages.data.tfl.gov.uk/RWG054905_2.jpg,"c(-0.1102267675, 51.4844270981)"
RWG054906,2017-09-19,1,0,0,0,0,Lambeth,https://cycleassetimages.data.tfl.gov.uk/RWG054906_1.jpg,https://cycleassetimages.data.tfl.gov.uk/RWG054906_2.jpg,"c(-0.1101831887, 51.4844365846)"
RWG054907,2017-09-19,1,1,0,0,0,Lambeth,https://cycleassetimages.data.tfl.gov.uk/RWG054907_1.jpg,https://cycleassetimages.data.tfl.gov.uk/RWG054907_2.jpg,"c(-0.1232620258, 51.4864088231)"
RWG054908,2017-09-19,1,1,0,0,1,Lambeth,https://cycleassetimages.data.tfl.gov.uk/RWG054908_1.jpg,https://cycleassetimages.data.tfl.gov.uk/RWG054908_2.jpg,"c(-0.1109425442, 51.4812005859)"
RWG054896,2017-07-22,1,0,0,0,0,Lambeth,https://cycleassetimages.data.tfl.gov.uk/RWG054896_1.jpg,https://cycleassetimages.data.tfl.gov.uk/RWG054896_2.jpg,"c(-0.1224794488, 51.4725410253)"
RWG054897,2017-07-22,1,1,0,0,0,Lambeth,https://cycleassetimages.data.tfl.gov.uk/RWG054897_1.jpg,https://cycleassetimages.data.tfl.gov.uk/RWG054897_2.jpg,"c(-0.1151184762, 51.4955571117)"
RWG054898,2017-07-22,1,1,0,0,0,Lambeth,https://cycleassetimages.data.tfl.gov.uk/RWG054898_1.jpg,https://cycleassetimages.data.tfl.gov.uk/RWG054898_2.jpg,"c(-0.1150295572, 51.4955747922)"
RWG054832,2017-07-18,1,1,0,0,0,Lambeth,https://cycleassetimages.data.tfl.gov.uk/RWG054832_1.jpg,https://cycleassetimages.data.tfl.gov.uk/RWG054832_2.jpg,"c(-0.1161015411, 51.5008191714)"
RWG054895,2017-07-22,1,0,0,0,0,Lambeth,https://cycleassetimages.data.tfl.gov.uk/RWG054895_1.jpg,https://cycleassetimages.data.tfl.gov.uk/RWG054895_2.jpg,"c(-0.1224924517, 51.4725396166)"
RWG054901,2017-09-18,1,0,1,0,1,Westminster,https://cycleassetimages.data.tfl.gov.uk/RWG054901_1.jpg,https://cycleassetimages.data.tfl.gov.uk/RWG054901_2.jpg,"c(-0.1296624885, 51.4888716347)"
RWG153656,2018-01-09,1,0,0,0,0,Lambeth,https://cycleassetimages.data.tfl.gov.uk/RWG153656_1.jpg,https://cycleassetimages.data.tfl.gov.uk/RWG153656_2.jpg,"c(-0.1169789131, 51.4988073173)"
RWG153651,2018-01-09,1,0,0,0,0,Lambeth,https://cycleassetimages.data.tfl.gov.uk/RWG153651_1.jpg,https://cycleassetimages.data.tfl.gov.uk/RWG153651_2.jpg,"c(-0.1158000569, 51.5005797272)"
RWG054834,2017-07-18,1,0,0,0,0,Lambeth,https://cycleassetimages.data.tfl.gov.uk/RWG054834_1.jpg,https://cycleassetimages.data.tfl.gov.uk/RWG054834_2.jpg,"c(-0.1170989279, 51.5017059465)"
RWG054860,2017-07-19,1,1,1,0,0,Lambeth,https://cycleassetimages.data.tfl.gov.uk/RWG054860_1.jpg,https://cycleassetimages.data.tfl.gov.uk/RWG054860_2.jpg,"c(-0.1216090336, 51.4859945939)"
RWG153657,2018-01-09,1,1,1,0,0,Lambeth,https://cycleassetimages.data.tfl.gov.uk/RWG153657_1.jpg,https://cycleassetimages.data.tfl.gov.uk/RWG153657_2.jpg,"c(-0.1169018735, 51.50017871)"
RWG054821,2017-07-16,1,1,0,0,0,Lambeth,https://cycleassetimages.data.tfl.gov.uk/RWG054821_1.jpg,https://cycleassetimages.data.tfl.gov.uk/RWG054821_2.jpg,"c(-0.1209491138, 51.4943912881)"
RWG153649,2018-01-09,1,0,0,0,0,Lambeth,https://cycleassetimages.data.tfl.gov.uk/RWG153649_1.jpg,https://cycleassetimages.data.tfl.gov.uk/RWG153649_2.jpg,"c(-0.1177461667, 51.5006605644)"
RWG153650,2018-01-09,1,0,0,0,0,Lambeth,https://cycleassetimages.data.tfl.gov.uk/RWG153650_1.jpg,https://cycleassetimages.data.tfl.gov.uk/RWG153650_2.jpg,"c(-0.1186547764, 51.5008755471)"
RWG153654,2018-01-09,1,1,1,0,0,Lambeth,https://cycleassetimages.data.tfl.gov.uk/RWG153654_1.jpg,https://cycleassetimages.data.tfl.gov.uk/RWG153654_2.jpg,"c(-0.1164514096, 51.500348675)"
RWG153655,2018-01-09,1,1,1,0,0,Lambeth,https://cycleassetimages.data.tfl.gov.uk/RWG153655_1.jpg,https://cycleassetimages.data.tfl.gov.uk/RWG153655_2.jpg,"c(-0.1164723511, 51.5003640678)"
RWG054823,2017-07-17,1,1,0,0,0,Lambeth,https://cycleassetimages.data.tfl.gov.uk/RWG054823_1.jpg,https://cycleassetimages.data.tfl.gov.uk/RWG054823_2.jpg,"c(-0.1173013572, 51.4841999758)"
RWG054831,2017-07-18,1,1,0,0,0,Lambeth,https://cycleassetimages.data.tfl.gov.uk/RWG054831_1.jpg,https://cycleassetimages.data.tfl.gov.uk/RWG054831_2.jpg,"c(-0.1161160899, 51.5008258618)"
RWG153652,2018-01-09,1,1,1,0,0,Lambeth,https://cycleassetimages.data.tfl.gov.uk/RWG153652_1.jpg,https://cycleassetimages.data.tfl.gov.uk/RWG153652_2.jpg,"c(-0.1156966987, 51.5009367984)"
RWG153653,2018-01-09,1,1,1,0,0,Lambeth,https://cycleassetimages.data.tfl.gov.uk/RWG153653_1.jpg,https://cycleassetimages.data.tfl.gov.uk/RWG153653_2.jpg,"c(-0.1157265569, 51.5009368761)"
RWG054819,2017-07-16,1,1,0,0,0,Lambeth,https://cycleassetimages.data.tfl.gov.uk/RWG054819_1.jpg,https://cycleassetimages.data.tfl.gov.uk/RWG054819_2.jpg,"c(-0.1209351934, 51.4943548225)"
RWG135613,2017-10-25,1,1,0,0,0,Lambeth,https://cycleassetimages.data.tfl.gov.uk/RWG135613_1.jpg,https://cycleassetimages.data.tfl.gov.uk/RWG135613_2.jpg,"c(-0.1109836246, 51.4813369761)"
RWG054833,2017-07-18,1,1,0,0,0,Lambeth,https://cycleassetimages.data.tfl.gov.uk/RWG054833_1.jpg,https://cycleassetimages.data.tfl.gov.uk/RWG054833_2.jpg,"c(-0.1168244617, 51.5016894564)"
RWG054840,2017-07-18,1,1,0,0,0,Wandsworth,https://cycleassetimages.data.tfl.gov.uk/RWG054840_1.jpg,https://cycleassetimages.data.tfl.gov.uk/RWG054840_2.jpg,"c(-0.1487904111, 51.4782168144)"
RWG054841,2017-07-18,1,1,0,0,0,Wandsworth,https://cycleassetimages.data.tfl.gov.uk/RWG054841_1.jpg,https://cycleassetimages.data.tfl.gov.uk/RWG054841_2.jpg,"c(-0.1487632668, 51.4781857614)"
RWG054865,2017-07-19,1,1,1,0,0,Lambeth,https://cycleassetimages.data.tfl.gov.uk/RWG054865_1.jpg,https://cycleassetimages.data.tfl.gov.uk/RWG054865_2.jpg,"c(-0.1198534752, 51.4852344446)"
RWG054893,2017-07-22,1,0,0,0,0,Lambeth,https://cycleassetimages.data.tfl.gov.uk/RWG054893_1.jpg,https://cycleassetimages.data.tfl.gov.uk/RWG054893_2.jpg,"c(-0.121740934, 51.4731110963)"
RWG054894,2017-07-22,1,0,0,0,0,Lambeth,https://cycleassetimages.data.tfl.gov.uk/RWG054894_1.jpg,https://cycleassetimages.data.tfl.gov.uk/RWG054894_2.jpg,"c(-0.1217256267, 51.473113351)"
RWG054866,2017-07-19,1,1,1,0,0,Lambeth,https://cycleassetimages.data.tfl.gov.uk/RWG054866_1.jpg,https://cycleassetimages.data.tfl.gov.uk/RWG054866_2.jpg,"c(-0.1198881582, 51.4852909813)"
RWG054839,2017-07-18,1,1,0,0,0,Wandsworth,https://cycleassetimages.data.tfl.gov.uk/RWG054839_1.jpg,https://cycleassetimages.data.tfl.gov.uk/RWG054839_2.jpg,"c(-0.1489152651, 51.4776822469)"
RWG054902,2017-09-18,1,1,0,0,0,Lambeth,https://cycleassetimages.data.tfl.gov.uk/RWG054902_1.jpg,https://cycleassetimages.data.tfl.gov.uk/RWG054902_2.jpg,"c(-0.1118750903, 51.4826208835)"
RWG054903,2017-09-19,1,1,0,0,0,Lambeth,https://cycleassetimages.data.tfl.gov.uk/RWG054903_1.jpg,https://cycleassetimages.data.tfl.gov.uk/RWG054903_2.jpg,"c(-0.1112582999, 51.4829349307)"
RWG153658,2017-07-17,1,1,0,0,0,Lambeth,https://cycleassetimages.data.tfl.gov.uk/RWG153658_1.jpg,https://cycleassetimages.data.tfl.gov.uk/RWG153658_2.jpg,"c(-0.1172757734, 51.4841555484)"
RWG054818,2017-07-16,1,0,0,0,0,Lambeth,https://cycleassetimages.data.tfl.gov.uk/RWG054818_1.jpg,https://cycleassetimages.data.tfl.gov.uk/RWG054818_2.jpg,"c(-0.1211892511, 51.494365988)"
RWG054808,2017-07-16,1,1,0,0,1,Lambeth,https://cycleassetimages.data.tfl.gov.uk/RWG054808_1.jpg,https://cycleassetimages.data.tfl.gov.uk/RWG054808_2.jpg,"c(-0.1218798662, 51.486246984)"
RWG054817,2017-07-16,1,1,0,0,0,Lambeth,https://cycleassetimages.data.tfl.gov.uk/RWG054817_1.jpg,https://cycleassetimages.data.tfl.gov.uk/RWG054817_2.jpg,"c(-0.1211254341, 51.494335723)"
RWG054820,2017-07-16,1,1,0,0,0,Lambeth,https://cycleassetimages.data.tfl.gov.uk/RWG054820_1.jpg,https://cycleassetimages.data.tfl.gov.uk/RWG054820_2.jpg,"c(-0.1209608734, 51.4943486072)"
RWG012276,2017-06-16,1,0,0,0,0,Tower Hamlets,https://cycleassetimages.data.tfl.gov.uk/RWG012276_1.jpg,https://cycleassetimages.data.tfl.gov.uk/RWG012276_2.jpg,"c(-0.0147268094, 51.529629292)"
RWG012272,2017-06-16,1,0,0,0,0,Tower Hamlets,https://cycleassetimages.data.tfl.gov.uk/RWG012272_1.jpg,https://cycleassetimages.data.tfl.gov.uk/RWG012272_2.jpg,"c(-0.0143928997, 51.5299724163)"
RWG012274,2017-06-16,1,1,0,0,0,Tower Hamlets,https://cycleassetimages.data.tfl.gov.uk/RWG012274_1.jpg,https://cycleassetimages.data.tfl.gov.uk/RWG012274_2.jpg,"c(-0.0196056431, 51.5282778992)"
RWG012275,2017-06-16,1,0,0,0,0,Tower Hamlets,https://cycleassetimages.data.tfl.gov.uk/RWG012275_1.jpg,https://cycleassetimages.data.tfl.gov.uk/RWG012275_2.jpg,"c(-0.0192605829, 51.5283599598)"
RWG012277,2017-06-16,1,1,0,0,1,Tower Hamlets,https://cycleassetimages.data.tfl.gov.uk/RWG012277_1.jpg,https://cycleassetimages.data.tfl.gov.uk/RWG012277_2.jpg,"c(-0.0148729964, 51.5295764879)"
RWG012273,2017-06-16,1,0,0,0,0,Tower Hamlets,https://cycleassetimages.data.tfl.gov.uk/RWG012273_1.jpg,https://cycleassetimages.data.tfl.gov.uk/RWG012273_2.jpg,"c(-0.0145445981, 51.5295675318)"
RWG151973,2017-08-25,0,0,0,0,0,Hackney,https://cycleassetimages.data.tfl.gov.uk/RWG151973_1.jpg,https://cycleassetimages.data.tfl.gov.uk/RWG151973_2.jpg,"c(-0.0702193139, 51.5602118565)"
RWG041525,2017-08-27,1,1,0,0,0,Hackney,https://cycleassetimages.data.tfl.gov.uk/RWG041525_1.jpg,https://cycleassetimages.data.tfl.gov.uk/RWG041525_2.jpg,"c(-0.0578344934, 51.5527479951)"
RWG041526,2017-08-27,1,1,0,0,0,Hackney,https://cycleassetimages.data.tfl.gov.uk/RWG041526_1.jpg,https://cycleassetimages.data.tfl.gov.uk/RWG041526_2.jpg,"c(-0.0580969333, 51.5527447011)"
RWG012266,2017-06-13,1,0,0,0,0,Hackney,https://cycleassetimages.data.tfl.gov.uk/RWG012266_1.jpg,https://cycleassetimages.data.tfl.gov.uk/RWG012266_2.jpg,"c(-0.0557665136, 51.5401886558)"
RWG151971,2017-08-25,0,0,0,0,0,Hackney,https://cycleassetimages.data.tfl.gov.uk/RWG151971_1.jpg,https://cycleassetimages.data.tfl.gov.uk/RWG151971_2.jpg,"c(-0.0701599449, 51.5601730772)"
RWG012267,2017-06-13,1,0,0,0,0,Hackney,https://cycleassetimages.data.tfl.gov.uk/RWG012267_1.jpg,https://cycleassetimages.data.tfl.gov.uk/RWG012267_2.jpg,"c(-0.0556715401, 51.5401415917)"
RWG012270,2017-06-14,1,0,0,0,0,Hackney,https://cycleassetimages.data.tfl.gov.uk/RWG012270_1.jpg,https://cycleassetimages.data.tfl.gov.uk/RWG012270_2.jpg,"c(-0.0417283894, 51.5452065598)"
RWG012223,2017-06-10,1,0,0,0,0,Hackney,https://cycleassetimages.data.tfl.gov.uk/RWG012223_1.jpg,https://cycleassetimages.data.tfl.gov.uk/RWG012223_2.jpg,"c(-0.1035839911, 51.5651552325)"
RWG151972,2017-08-25,0,0,0,0,0,Hackney,https://cycleassetimages.data.tfl.gov.uk/RWG151972_1.jpg,https://cycleassetimages.data.tfl.gov.uk/RWG151972_2.jpg,"c(-0.0701767421, 51.5602189987)"
RWG012271,2017-06-14,1,0,0,0,0,Hackney,https://cycleassetimages.data.tfl.gov.uk/RWG012271_1.jpg,https://cycleassetimages.data.tfl.gov.uk/RWG012271_2.jpg,"c(-0.0416414139, 51.5453233311)"
RWG041532,2017-08-28,1,1,0,0,0,Hackney,https://cycleassetimages.data.tfl.gov.uk/RWG041532_1.jpg,https://cycleassetimages.data.tfl.gov.uk/RWG041532_2.jpg,"c(-0.046406975, 51.5570696227)"
RWG041533,2017-08-28,1,1,0,0,0,Hackney,https://cycleassetimages.data.tfl.gov.uk/RWG041533_1.jpg,https://cycleassetimages.data.tfl.gov.uk/RWG041533_2.jpg,"c(-0.0465267626, 51.5570640218)"
RWG080118,2017-07-27,1,1,0,0,0,Southwark,https://cycleassetimages.data.tfl.gov.uk/RWG080118_1.jpg,https://cycleassetimages.data.tfl.gov.uk/RWG080118_2.jpg,"c(-0.1047289549, 51.4962165694)"
RWG080120,2017-07-28,1,1,0,0,0,Southwark,https://cycleassetimages.data.tfl.gov.uk/RWG080120_1.jpg,https://cycleassetimages.data.tfl.gov.uk/RWG080120_2.jpg,"c(-0.1066471113, 51.4969934891)"
RWG080156,2017-08-01,1,0,1,0,0,Southwark,https://cycleassetimages.data.tfl.gov.uk/RWG080156_1.jpg,https://cycleassetimages.data.tfl.gov.uk/RWG080156_2.jpg,"c(-0.1046103599, 51.4989404614)"
RWG080165,2017-08-02,1,1,0,1,0,Southwark,https://cycleassetimages.data.tfl.gov.uk/RWG080165_1.jpg,https://cycleassetimages.data.tfl.gov.uk/RWG080165_2.jpg,"c(-0.1046834681, 51.5035772097)"
RWG080116,2017-07-28,1,0,0,0,0,Southwark,https://cycleassetimages.data.tfl.gov.uk/RWG080116_1.jpg,https://cycleassetimages.data.tfl.gov.uk/RWG080116_2.jpg,"c(-0.0954834794, 51.4997892641)"
RWG080117,2017-07-28,1,1,0,0,0,Southwark,https://cycleassetimages.data.tfl.gov.uk/RWG080117_1.jpg,https://cycleassetimages.data.tfl.gov.uk/RWG080117_2.jpg,"c(-0.1045645183, 51.4961522054)"
RWG080109,2017-07-27,1,0,0,0,0,Southwark,https://cycleassetimages.data.tfl.gov.uk/RWG080109_1.jpg,https://cycleassetimages.data.tfl.gov.uk/RWG080109_2.jpg,"c(-0.0956488628, 51.499989768)"
RWG080115,2017-07-27,1,1,0,0,0,Southwark,https://cycleassetimages.data.tfl.gov.uk/RWG080115_1.jpg,https://cycleassetimages.data.tfl.gov.uk/RWG080115_2.jpg,"c(-0.101818551, 51.4962495917)"
RWG080104,2017-07-27,1,0,0,0,0,Southwark,https://cycleassetimages.data.tfl.gov.uk/RWG080104_1.jpg,https://cycleassetimages.data.tfl.gov.uk/RWG080104_2.jpg,"c(-0.0985486112, 51.5008104202)"
RWG080170,2017-08-03,1,1,0,1,0,Southwark,https://cycleassetimages.data.tfl.gov.uk/RWG080170_1.jpg,https://cycleassetimages.data.tfl.gov.uk/RWG080170_2.jpg,"c(-0.1047814025, 51.5008482239)"
RWG080105,2017-07-27,1,0,0,0,0,Southwark,https://cycleassetimages.data.tfl.gov.uk/RWG080105_1.jpg,https://cycleassetimages.data.tfl.gov.uk/RWG080105_2.jpg,"c(-0.0986382166, 51.5009610945)"
RWG080146,2017-07-30,1,0,0,0,0,Southwark,https://cycleassetimages.data.tfl.gov.uk/RWG080146_1.jpg,https://cycleassetimages.data.tfl.gov.uk/RWG080146_2.jpg,"c(-0.0830692955, 51.4959726369)"
RWG080147,2017-07-31,1,1,0,0,0,Southwark,https://cycleassetimages.data.tfl.gov.uk/RWG080147_1.jpg,https://cycleassetimages.data.tfl.gov.uk/RWG080147_2.jpg,"c(-0.0828208085, 51.4958579093)"
RWG136186,2017-12-04,1,0,1,0,0,Southwark,https://cycleassetimages.data.tfl.gov.uk/no_asset_photo.png,https://cycleassetimages.data.tfl.gov.uk/no_asset_photo.png,"c(-0.1047793004, 51.501011693)"
RWG080171,2017-08-02,1,1,0,0,0,Southwark,https://cycleassetimages.data.tfl.gov.uk/RWG080171_1.jpg,https://cycleassetimages.data.tfl.gov.uk/RWG080171_2.jpg,"c(-0.101688053, 51.4963742667)"
RWG080123,2017-07-28,1,0,1,0,0,Southwark,https://cycleassetimages.data.tfl.gov.uk/RWG080123_1.jpg,https://cycleassetimages.data.tfl.gov.uk/RWG080123_2.jpg,"c(-0.1056844346, 51.4988104215)"
RWG080124,2017-07-28,1,1,0,0,1,Southwark,https://cycleassetimages.data.tfl.gov.uk/RWG080124_1.jpg,https://cycleassetimages.data.tfl.gov.uk/RWG080124_2.jpg,"c(-0.0995860932, 51.4965130547)"
RWG080145,2017-07-30,1,1,0,0,0,Southwark,https://cycleassetimages.data.tfl.gov.uk/RWG080145_1.jpg,https://cycleassetimages.data.tfl.gov.uk/RWG080145_2.jpg,"c(-0.1094733044, 51.4983277752)"
RWG080150,2017-08-01,1,1,0,0,0,Southwark,https://cycleassetimages.data.tfl.gov.uk/RWG080150_1.jpg,https://cycleassetimages.data.tfl.gov.uk/RWG080150_2.jpg,"c(-0.1045485073, 51.4960949721)"
RWG080103,2017-07-27,1,1,0,1,0,Southwark,https://cycleassetimages.data.tfl.gov.uk/RWG080103_1.jpg,https://cycleassetimages.data.tfl.gov.uk/RWG080103_2.jpg,"c(-0.1046956179, 51.5010960014)"
RWG080125,2017-07-28,1,1,0,0,0,Southwark,https://cycleassetimages.data.tfl.gov.uk/RWG080125_1.jpg,https://cycleassetimages.data.tfl.gov.uk/RWG080125_2.jpg,"c(-0.0997203232, 51.4965892122)"
RWG080144,2017-07-30,1,0,0,0,0,Southwark,https://cycleassetimages.data.tfl.gov.uk/RWG080144_1.jpg,https://cycleassetimages.data.tfl.gov.uk/RWG080144_2.jpg,"c(-0.1094599222, 51.498455655)"
RWG153958,2018-01-16,1,1,0,0,0,Southwark,https://cycleassetimages.data.tfl.gov.uk/no_asset_photo.png,https://cycleassetimages.data.tfl.gov.uk/no_asset_photo.png,"c(-0.1044541254, 51.5082315515)"
RWG153959,2018-01-18,1,1,0,1,0,Southwark,https://cycleassetimages.data.tfl.gov.uk/no_asset_photo.png,https://cycleassetimages.data.tfl.gov.uk/no_asset_photo.png,"c(-0.1050491506, 51.4986176184)"
RWG136185,2017-12-04,1,1,0,0,0,Southwark,https://cycleassetimages.data.tfl.gov.uk/no_asset_photo.png,https://cycleassetimages.data.tfl.gov.uk/no_asset_photo.png,"c(-0.1052332448, 51.4792917021)"
RWG080173,2017-08-03,1,1,0,1,0,Southwark,https://cycleassetimages.data.tfl.gov.uk/RWG080173_1.jpg,https://cycleassetimages.data.tfl.gov.uk/RWG080173_2.jpg,"c(-0.1045644146, 51.5069855609)"
RWG080174,2017-08-03,1,0,1,0,0,Southwark,https://cycleassetimages.data.tfl.gov.uk/RWG080174_1.jpg,https://cycleassetimages.data.tfl.gov.uk/RWG080174_2.jpg,"c(-0.1041413448, 51.5069550186)"
RWG136184,2017-12-04,1,1,0,0,0,Southwark,https://cycleassetimages.data.tfl.gov.uk/no_asset_photo.png,https://cycleassetimages.data.tfl.gov.uk/no_asset_photo.png,"c(-0.1052793158, 51.4792952792)"
RWG080151,2017-10-29,1,1,0,0,0,Southwark,https://cycleassetimages.data.tfl.gov.uk/RWG080151_1.jpg,https://cycleassetimages.data.tfl.gov.uk/RWG080151_2.jpg,"c(-0.1029296703, 51.4954881133)"
RWG080155,2017-08-01,1,0,0,0,0,Southwark,https://cycleassetimages.data.tfl.gov.uk/RWG080155_1.jpg,https://cycleassetimages.data.tfl.gov.uk/RWG080155_2.jpg,"c(-0.1044197634, 51.4987109416)"
RWG080167,2017-08-02,1,1,0,1,0,Southwark,https://cycleassetimages.data.tfl.gov.uk/RWG080167_1.jpg,https://cycleassetimages.data.tfl.gov.uk/RWG080167_2.jpg,"c(-0.1045966693, 51.5039448651)"
RWG100157,2017-08-06,1,1,0,0,0,Lambeth,https://cycleassetimages.data.tfl.gov.uk/RWG100157_1.jpg,https://cycleassetimages.data.tfl.gov.uk/RWG100157_2.jpg,"c(-0.1489568547, 51.4614056132)"
RWG080181,2017-08-03,1,1,0,0,0,Southwark,https://cycleassetimages.data.tfl.gov.uk/RWG080181_1.jpg,https://cycleassetimages.data.tfl.gov.uk/RWG080181_2.jpg,"c(-0.101773679, 51.4962289321)"
RWG080184,2017-08-03,1,1,0,0,0,Southwark,https://cycleassetimages.data.tfl.gov.uk/RWG080184_1.jpg,https://cycleassetimages.data.tfl.gov.uk/RWG080184_2.jpg,"c(-0.1017224115, 51.4951654686)"
RWG080177,2017-08-03,1,1,0,1,0,Southwark,https://cycleassetimages.data.tfl.gov.uk/RWG080177_1.jpg,https://cycleassetimages.data.tfl.gov.uk/RWG080177_2.jpg,"c(-0.1044863711, 51.5073485546)"
RWG080178,2017-08-03,1,1,1,0,0,Southwark,https://cycleassetimages.data.tfl.gov.uk/RWG080178_1.jpg,https://cycleassetimages.data.tfl.gov.uk/RWG080178_2.jpg,"c(-0.104513656, 51.5080171384)"
RWG150762,2017-12-13,1,1,0,0,0,Southwark,https://cycleassetimages.data.tfl.gov.uk/no_asset_photo.png,https://cycleassetimages.data.tfl.gov.uk/no_asset_photo.png,"c(-0.1011356499, 51.4948604748)"
RWG080175,2017-08-03,1,1,0,0,0,Southwark,https://cycleassetimages.data.tfl.gov.uk/RWG080175_1.jpg,https://cycleassetimages.data.tfl.gov.uk/RWG080175_2.jpg,"c(-0.1073068092, 51.4972679739)"
RWG080176,2017-08-03,1,0,1,0,0,Southwark,https://cycleassetimages.data.tfl.gov.uk/RWG080176_1.jpg,https://cycleassetimages.data.tfl.gov.uk/RWG080176_2.jpg,"c(-0.1047212138, 51.5072207528)"
RWG150760,2017-12-13,1,1,0,0,0,Southwark,https://cycleassetimages.data.tfl.gov.uk/no_asset_photo.png,https://cycleassetimages.data.tfl.gov.uk/no_asset_photo.png,"c(-0.0998186623, 51.4967394856)"
RWG105490,2017-08-16,1,0,1,0,0,Southwark,https://cycleassetimages.data.tfl.gov.uk/RWG105490_1.jpg,https://cycleassetimages.data.tfl.gov.uk/RWG105490_2.jpg,"c(-0.0839936839, 51.4557095769)"
RWG105491,2017-08-16,1,0,1,0,0,Southwark,https://cycleassetimages.data.tfl.gov.uk/RWG105491_1.jpg,https://cycleassetimages.data.tfl.gov.uk/RWG105491_2.jpg,"c(-0.0839719332, 51.4553529691)"
RWG100159,2017-08-17,1,0,0,0,0,Lambeth,https://cycleassetimages.data.tfl.gov.uk/RWG100159_1.jpg,https://cycleassetimages.data.tfl.gov.uk/RWG100159_2.jpg,"c(-0.1333641265, 51.4594096114)"
RWG100158,2017-08-06,1,1,0,0,0,Lambeth,https://cycleassetimages.data.tfl.gov.uk/RWG100158_1.jpg,https://cycleassetimages.data.tfl.gov.uk/RWG100158_2.jpg,"c(-0.1489882337, 51.4612600444)"
RWG100160,2017-08-17,1,0,0,0,0,Lambeth,https://cycleassetimages.data.tfl.gov.uk/RWG100160_1.jpg,https://cycleassetimages.data.tfl.gov.uk/RWG100160_2.jpg,"c(-0.133409051, 51.4593368728)"
RWG100161,2017-08-17,1,0,0,0,0,Lambeth,https://cycleassetimages.data.tfl.gov.uk/RWG100161_1.jpg,https://cycleassetimages.data.tfl.gov.uk/RWG100161_2.jpg,"c(-0.1334368244, 51.4593599812)"
RWG116460,2017-08-12,1,0,0,1,0,Wandsworth,https://cycleassetimages.data.tfl.gov.uk/RWG116460_1.jpg,https://cycleassetimages.data.tfl.gov.uk/RWG116460_2.jpg,"c(-0.1476193771, 51.4510856008)"
RWG105492,2017-08-18,1,1,0,0,0,Southwark,https://cycleassetimages.data.tfl.gov.uk/RWG105492_1.jpg,https://cycleassetimages.data.tfl.gov.uk/RWG105492_2.jpg,"c(-0.0696673767, 51.4721938525)"
RWG105493,2017-08-18,1,1,0,0,0,Southwark,https://cycleassetimages.data.tfl.gov.uk/RWG105493_1.jpg,https://cycleassetimages.data.tfl.gov.uk/RWG105493_2.jpg,"c(-0.0697689883, 51.4720668213)"
RWG116458,2017-08-11,1,0,0,0,0,Wandsworth,https://cycleassetimages.data.tfl.gov.uk/RWG116458_1.jpg,https://cycleassetimages.data.tfl.gov.uk/RWG116458_2.jpg,"c(-0.147836362, 51.451089274)"
RWG116449,2017-08-10,1,0,0,0,0,Wandsworth,https://cycleassetimages.data.tfl.gov.uk/RWG116449_1.jpg,https://cycleassetimages.data.tfl.gov.uk/RWG116449_2.jpg,"c(-0.1563816075, 51.4383369253)"
RWG116456,2017-08-11,1,0,0,0,0,Wandsworth,https://cycleassetimages.data.tfl.gov.uk/RWG116456_1.jpg,https://cycleassetimages.data.tfl.gov.uk/RWG116456_2.jpg,"c(-0.1568016338, 51.4381407249)"
RWG116459,2017-08-11,1,0,0,0,0,Wandsworth,https://cycleassetimages.data.tfl.gov.uk/RWG116459_1.jpg,https://cycleassetimages.data.tfl.gov.uk/RWG116459_2.jpg,"c(-0.1478907778, 51.4512149185)"
RWG999721,2018-05-01,1,0,0,0,1,Southwark,https://cycleassetimages.data.tfl.gov.uk/RWG999721_1.jpg,https://cycleassetimages.data.tfl.gov.uk/RWG999721_2.jpg,"c(-0.1041879362, 51.4986818097)"
RWG116445,2017-08-08,1,1,0,0,1,Wandsworth,https://cycleassetimages.data.tfl.gov.uk/RWG116445_1.jpg,https://cycleassetimages.data.tfl.gov.uk/RWG116445_2.jpg,"c(-0.166908514, 51.4375250343)"
RWG116446,2017-08-08,1,1,0,0,0,Wandsworth,https://cycleassetimages.data.tfl.gov.uk/RWG116446_1.jpg,https://cycleassetimages.data.tfl.gov.uk/RWG116446_2.jpg,"c(-0.166983031, 51.4375776514)"
RWG116443,2017-08-08,1,1,0,0,1,Wandsworth,https://cycleassetimages.data.tfl.gov.uk/RWG116443_1.jpg,https://cycleassetimages.data.tfl.gov.uk/RWG116443_2.jpg,"c(-0.1670312472, 51.4377225879)"
RWG116444,2017-08-08,1,1,0,0,0,Wandsworth,https://cycleassetimages.data.tfl.gov.uk/RWG116444_1.jpg,https://cycleassetimages.data.tfl.gov.uk/RWG116444_2.jpg,"c(-0.1669274743, 51.4376775757)"
RWG144185,2017-09-22,1,0,1,0,0,Waltham Forest,https://cycleassetimages.data.tfl.gov.uk/RWG144185_1.jpg,https://cycleassetimages.data.tfl.gov.uk/RWG144185_2.jpg,"c(-0.0279943459, 51.5828168647)"
RWG144195,2017-10-03,1,1,0,0,0,Waltham Forest,https://cycleassetimages.data.tfl.gov.uk/RWG144195_1.jpg,https://cycleassetimages.data.tfl.gov.uk/RWG144195_2.jpg,"c(-0.0075954994, 51.5777451993)"
RWG144187,2017-09-22,1,0,1,0,0,Waltham Forest,https://cycleassetimages.data.tfl.gov.uk/RWG144187_1.jpg,https://cycleassetimages.data.tfl.gov.uk/RWG144187_2.jpg,"c(-0.0280559522, 51.5829802249)"
RWG144183,2017-09-16,1,1,0,0,0,Waltham Forest,https://cycleassetimages.data.tfl.gov.uk/RWG144183_1.jpg,https://cycleassetimages.data.tfl.gov.uk/RWG144183_2.jpg,"c(-0.0104905308, 51.5571861276)"
RWG144186,2017-09-22,1,1,0,0,0,Waltham Forest,https://cycleassetimages.data.tfl.gov.uk/RWG144186_1.jpg,https://cycleassetimages.data.tfl.gov.uk/RWG144186_2.jpg,"c(-0.0102311548, 51.557030767)"
RWG144194,2017-09-25,1,1,1,0,1,Waltham Forest,https://cycleassetimages.data.tfl.gov.uk/RWG144194_1.jpg,https://cycleassetimages.data.tfl.gov.uk/RWG144194_2.jpg,"c(-0.0337643388, 51.5816464479)"
RWG144193,2017-09-25,1,1,1,0,0,Waltham Forest,https://cycleassetimages.data.tfl.gov.uk/RWG144193_1.jpg,https://cycleassetimages.data.tfl.gov.uk/RWG144193_2.jpg,"c(-0.0351586737, 51.5825254858)"
RWG131790,2017-10-02,1,1,0,0,0,Merton,https://cycleassetimages.data.tfl.gov.uk/RWG131790_1.jpg,https://cycleassetimages.data.tfl.gov.uk/RWG131790_2.jpg,"c(-0.2097618328, 51.422834984)"
RWG144188,2017-09-23,1,1,0,0,0,Waltham Forest,https://cycleassetimages.data.tfl.gov.uk/RWG144188_1.jpg,https://cycleassetimages.data.tfl.gov.uk/RWG144188_2.jpg,"c(-0.0107215123, 51.5570435125)"
RWG144192,2017-09-25,1,1,1,0,0,Waltham Forest,https://cycleassetimages.data.tfl.gov.uk/RWG144192_1.jpg,https://cycleassetimages.data.tfl.gov.uk/RWG144192_2.jpg,"c(-0.0349485909, 51.5825945375)"
RWG144189,2017-09-23,1,1,1,0,0,Waltham Forest,https://cycleassetimages.data.tfl.gov.uk/RWG144189_1.jpg,https://cycleassetimages.data.tfl.gov.uk/RWG144189_2.jpg,"c(-0.0141326678, 51.5571023367)"
RWG144190,2017-09-23,1,1,1,0,1,Waltham Forest,https://cycleassetimages.data.tfl.gov.uk/RWG144190_1.jpg,https://cycleassetimages.data.tfl.gov.uk/RWG144190_2.jpg,"c(-0.0146270071, 51.5568428305)"
RWG131814,2017-11-27,1,0,0,0,0,Kingston upon Thames,https://cycleassetimages.data.tfl.gov.uk/RWG131814_1.jpg,https://cycleassetimages.data.tfl.gov.uk/RWG131814_2.jpg,"c(-0.3045201966, 51.4073120339)"
RWG276193,2018-03-09,1,0,1,0,0,Enfield,https://cycleassetimages.data.tfl.gov.uk/RWG276193_1.jpg,https://cycleassetimages.data.tfl.gov.uk/RWG276193_2.jpg,"c(-0.1095123919, 51.6158245745)"
RWG276194,2018-03-09,1,1,0,0,1,Enfield,https://cycleassetimages.data.tfl.gov.uk/RWG276194_1.jpg,https://cycleassetimages.data.tfl.gov.uk/RWG276194_2.jpg,"c(-0.1092182299, 51.6175668785)"
RWG144184,2017-09-18,1,0,0,0,0,Enfield,https://cycleassetimages.data.tfl.gov.uk/RWG144184_1.jpg,https://cycleassetimages.data.tfl.gov.uk/RWG144184_2.jpg,"c(-0.1166826481, 51.6123778453)"
RWG144191,2017-09-24,1,1,1,0,0,Enfield,https://cycleassetimages.data.tfl.gov.uk/RWG144191_1.jpg,https://cycleassetimages.data.tfl.gov.uk/RWG144191_2.jpg,"c(-0.0973950536, 51.6296915565)"
RWG276192,2018-03-09,1,0,0,0,0,Enfield,https://cycleassetimages.data.tfl.gov.uk/RWG276192_1.jpg,https://cycleassetimages.data.tfl.gov.uk/RWG276192_2.jpg,"c(-0.1078646873, 51.6184436892)"
RWG131798,2017-10-09,1,0,0,0,0,Kingston upon Thames,https://cycleassetimages.data.tfl.gov.uk/RWG131798_1.jpg,https://cycleassetimages.data.tfl.gov.uk/RWG131798_2.jpg,"c(-0.3004296673, 51.40790826)"
RWG131797,2017-10-09,1,0,0,0,0,Kingston upon Thames,https://cycleassetimages.data.tfl.gov.uk/RWG131797_1.jpg,https://cycleassetimages.data.tfl.gov.uk/RWG131797_2.jpg,"c(-0.3005235789, 51.4079504961)"
RWG131813,2017-11-27,1,0,0,0,0,Kingston upon Thames,https://cycleassetimages.data.tfl.gov.uk/RWG131813_1.jpg,https://cycleassetimages.data.tfl.gov.uk/RWG131813_2.jpg,"c(-0.3045051944, 51.4072255593)"
RWG166032,2017-11-02,1,0,0,0,1,Redbridge,https://cycleassetimages.data.tfl.gov.uk/RWG166032_1.jpg,https://cycleassetimages.data.tfl.gov.uk/RWG166032_2.jpg,"c(0.0918461347, 51.5628195075)"
RWG277209,2018-03-09,1,1,0,1,0,Bromley,https://cycleassetimages.data.tfl.gov.uk/RWG277209_1.jpg,https://cycleassetimages.data.tfl.gov.uk/RWG277209_2.jpg,"c(0.1078933722, 51.3822627875)"
RWG193194,2017-11-13,1,1,0,0,0,Lewisham,https://cycleassetimages.data.tfl.gov.uk/RWG193194_1.jpg,https://cycleassetimages.data.tfl.gov.uk/RWG193194_2.jpg,"c(7.50166e-05, 51.4450570548)"
RWG292572,2018-05-15,1,1,0,0,0,Croydon,https://cycleassetimages.data.tfl.gov.uk/RWG292572_1.jpg,https://cycleassetimages.data.tfl.gov.uk/RWG292572_2.jpg,"c(-0.1025270799, 51.3777756885)"
RWG292573,2018-05-15,1,1,0,0,0,Croydon,https://cycleassetimages.data.tfl.gov.uk/RWG292573_1.jpg,https://cycleassetimages.data.tfl.gov.uk/RWG292573_2.jpg,"c(-0.1027226258, 51.3779238718)"
RWG277208,2018-03-09,1,1,0,1,0,Bromley,https://cycleassetimages.data.tfl.gov.uk/RWG277208_1.jpg,https://cycleassetimages.data.tfl.gov.uk/RWG277208_2.jpg,"c(0.1080143692, 51.3823125328)"
RWG214959,2018-02-05,1,1,0,0,0,Merton,https://cycleassetimages.data.tfl.gov.uk/RWG214959_1.jpg,https://cycleassetimages.data.tfl.gov.uk/RWG214959_2.jpg,"c(-0.1655196581, 51.4059044774)"
RWG268954,2018-01-30,1,1,0,0,0,Harrow,https://cycleassetimages.data.tfl.gov.uk/RWG268954_1.jpg,https://cycleassetimages.data.tfl.gov.uk/RWG268954_2.jpg,"c(-0.3466347555, 51.5693641586)"
RWG268953,2018-01-30,1,1,0,0,0,Harrow,https://cycleassetimages.data.tfl.gov.uk/RWG268953_1.jpg,https://cycleassetimages.data.tfl.gov.uk/RWG268953_2.jpg,"c(-0.3465950457, 51.5694279307)"
RWG268955,2018-02-05,1,1,0,0,0,Brent,https://cycleassetimages.data.tfl.gov.uk/RWG268955_1.jpg,https://cycleassetimages.data.tfl.gov.uk/RWG268955_2.jpg,"c(-0.2616952482, 51.5830289692)"
RWG268950,2018-01-18,1,0,0,0,0,Harrow,https://cycleassetimages.data.tfl.gov.uk/RWG268950_1.jpg,https://cycleassetimages.data.tfl.gov.uk/RWG268950_2.jpg,"c(-0.3189328256, 51.6011564519)"
RWG268952,2018-01-18,1,0,0,0,0,Harrow,https://cycleassetimages.data.tfl.gov.uk/RWG268952_1.jpg,https://cycleassetimages.data.tfl.gov.uk/RWG268952_2.jpg,"c(-0.3188435339, 51.6010951425)"
RWG268951,2018-01-18,1,0,0,0,0,Harrow,https://cycleassetimages.data.tfl.gov.uk/RWG268951_1.jpg,https://cycleassetimages.data.tfl.gov.uk/RWG268951_2.jpg,"c(-0.318843719, 51.6010954482)"
RWG268949,2018-01-18,1,0,0,0,0,Harrow,https://cycleassetimages.data.tfl.gov.uk/RWG268949_1.jpg,https://cycleassetimages.data.tfl.gov.uk/RWG268949_2.jpg,"c(-0.3189321552, 51.6011579099)"
RWG242126,2018-01-18,1,0,0,0,0,Ealing,https://cycleassetimages.data.tfl.gov.uk/RWG242126_1.jpg,https://cycleassetimages.data.tfl.gov.uk/RWG242126_2.jpg,"c(-0.3826359301, 51.5009817903)"
RWG242123,2018-01-13,1,0,0,0,0,Hillingdon,https://cycleassetimages.data.tfl.gov.uk/RWG242123_1.jpg,https://cycleassetimages.data.tfl.gov.uk/RWG242123_2.jpg,"c(-0.4174441081, 51.5073827298)"
RWG242124,2018-01-13,1,0,0,0,0,Hillingdon,https://cycleassetimages.data.tfl.gov.uk/RWG242124_1.jpg,https://cycleassetimages.data.tfl.gov.uk/RWG242124_2.jpg,"c(-0.4148782782, 51.5098380336)"
RWG242125,2018-01-13,1,0,0,0,0,Hillingdon,https://cycleassetimages.data.tfl.gov.uk/RWG242125_1.jpg,https://cycleassetimages.data.tfl.gov.uk/RWG242125_2.jpg,"c(-0.41472058, 51.5098018696)"
RWG242122,2018-01-13,1,0,0,0,0,Hillingdon,https://cycleassetimages.data.tfl.gov.uk/RWG242122_1.jpg,https://cycleassetimages.data.tfl.gov.uk/RWG242122_2.jpg,"c(-0.4175720105, 51.5074598454)"
